date,crash
2010/1/1,122
2010/1/2,79
2010/1/3,99
2010/1/4,102
2010/1/5,112
2010/1/6,103
2010/1/7,87
2010/1/8,119
2010/1/9,103
2010/1/10,94
2010/1/11,104
2010/1/12,105
2010/1/13,129
2010/1/14,151
2010/1/15,140
2010/1/16,129
2010/1/17,159
2010/1/18,128
2010/1/19,137
2010/1/20,120
2010/1/21,139
2010/1/22,166
2010/1/23,106
2010/1/24,121
2010/1/25,128
2010/1/26,121
2010/1/27,131
2010/1/28,125
2010/1/29,127
2010/1/30,127
2010/1/31,108
2010/2/1,118
2010/2/2,129
2010/2/3,131
2010/2/4,127
2010/2/5,202
2010/2/6,135
2010/2/7,127
2010/2/8,110
2010/2/9,126
2010/2/10,107
2010/2/11,98
2010/2/12,137
2010/2/13,122
2010/2/14,133
2010/2/15,80
2010/2/16,126
2010/2/17,142
2010/2/18,107
2010/2/19,141
2010/2/20,124
2010/2/21,102
2010/2/22,113
2010/2/23,103
2010/2/24,133
2010/2/25,126
2010/2/26,140
2010/2/27,146
2010/2/28,105
2010/3/1,106
2010/3/2,102
2010/3/3,130
2010/3/4,143
2010/3/5,132
2010/3/6,169
2010/3/7,131
2010/3/8,113
2010/3/9,113
2010/3/10,122
2010/3/11,108
2010/3/12,136
2010/3/13,141
2010/3/14,110
2010/3/15,141
2010/3/16,125
2010/3/17,129
2010/3/18,120
2010/3/19,142
2010/3/20,151
2010/3/21,103
2010/3/22,143
2010/3/23,113
2010/3/24,130
2010/3/25,129
2010/3/26,130
2010/3/27,147
2010/3/28,116
2010/3/29,112
2010/3/30,101
2010/3/31,111
2010/4/1,126
2010/4/2,133
2010/4/3,129
2010/4/4,108
2010/4/5,131
2010/4/6,103
2010/4/7,128
2010/4/8,104
2010/4/9,120
2010/4/10,107
2010/4/11,106
2010/4/12,130
2010/4/13,138
2010/4/14,114
2010/4/15,108
2010/4/16,146
2010/4/17,122
2010/4/18,114
2010/4/19,122
2010/4/20,158
2010/4/21,114
2010/4/22,116
2010/4/23,118
2010/4/24,129
2010/4/25,115
2010/4/26,118
2010/4/27,115
2010/4/28,133
2010/4/29,107
2010/4/30,158
2010/5/1,140
2010/5/2,128
2010/5/3,127
2010/5/4,129
2010/5/5,104
2010/5/6,122
2010/5/7,140
2010/5/8,146
2010/5/9,110
2010/5/10,132
2010/5/11,111
2010/5/12,111
2010/5/13,125
2010/5/14,133
2010/5/15,129
2010/5/16,112
2010/5/17,98
2010/5/18,139
2010/5/19,118
2010/5/20,124
2010/5/21,142
2010/5/22,133
2010/5/23,96
2010/5/24,126
2010/5/25,106
2010/5/26,123
2010/5/27,113
2010/5/28,137
2010/5/29,114
2010/5/30,121
2010/5/31,120
2010/6/1,140
2010/6/2,129
2010/6/3,119
2010/6/4,116
2010/6/5,131
2010/6/6,115
2010/6/7,117
2010/6/8,125
2010/6/9,118
2010/6/10,107
2010/6/11,117
2010/6/12,113
2010/6/13,124
2010/6/14,100
2010/6/15,127
2010/6/16,112
2010/6/17,148
2010/6/18,144
2010/6/19,121
2010/6/20,109
2010/6/21,123
2010/6/22,110
2010/6/23,126
2010/6/24,125
2010/6/25,129
2010/6/26,119
2010/6/27,126
2010/6/28,125
2010/6/29,113
2010/6/30,104
2010/7/1,138
2010/7/2,137
2010/7/3,110
2010/7/4,114
2010/7/5,103
2010/7/6,110
2010/7/7,106
2010/7/8,101
2010/7/9,118
2010/7/10,122
2010/7/11,117
2010/7/12,113
2010/7/13,118
2010/7/14,125
2010/7/15,144
2010/7/16,132
2010/7/17,124
2010/7/18,126
2010/7/19,120
2010/7/20,122
2010/7/21,124
2010/7/22,120
2010/7/23,140
2010/7/24,127
2010/7/25,119
2010/7/26,103
2010/7/27,128
2010/7/28,114
2010/7/29,116
2010/7/30,133
2010/7/31,134
2010/8/1,117
2010/8/2,111
2010/8/3,130
2010/8/4,134
2010/8/5,125
2010/8/6,129
2010/8/7,114
2010/8/8,102
2010/8/9,119
2010/8/10,133
2010/8/11,112
2010/8/12,120
2010/8/13,132
2010/8/14,132
2010/8/15,102
2010/8/16,109
2010/8/17,125
2010/8/18,103
2010/8/19,108
2010/8/20,140
2010/8/21,135
2010/8/22,122
2010/8/23,132
2010/8/24,123
2010/8/25,100
2010/8/26,104
2010/8/27,119
2010/8/28,124
2010/8/29,108
2010/8/30,97
2010/8/31,118
2010/9/1,105
2010/9/2,106
2010/9/3,135
2010/9/4,125
2010/9/5,99
2010/9/6,92
2010/9/7,88
2010/9/8,106
2010/9/9,107
2010/9/10,141
2010/9/11,126
2010/9/12,122
2010/9/13,137
2010/9/14,138
2010/9/15,100
2010/9/16,129
2010/9/17,149
2010/9/18,141
2010/9/19,113
2010/9/20,121
2010/9/21,109
2010/9/22,96
2010/9/23,128
2010/9/24,147
2010/9/25,120
2010/9/26,125
2010/9/27,122
2010/9/28,105
2010/9/29,127
2010/9/30,124
2010/10/1,157
2010/10/2,150
2010/10/3,123
2010/10/4,181
2010/10/5,128
2010/10/6,159
2010/10/7,114
2010/10/8,119
2010/10/9,147
2010/10/10,112
2010/10/11,125
2010/10/12,130
2010/10/13,119
2010/10/14,97
2010/10/15,146
2010/10/16,114
2010/10/17,137
2010/10/18,111
2010/10/19,138
2010/10/20,126
2010/10/21,103
2010/10/22,140
2010/10/23,115
2010/10/24,124
2010/10/25,146
2010/10/26,113
2010/10/27,121
2010/10/28,140
2010/10/29,133
2010/10/30,152
2010/10/31,128
2010/11/1,144
2010/11/2,151
2010/11/3,129
2010/11/4,135
2010/11/5,131
2010/11/6,145
2010/11/7,146
2010/11/8,118
2010/11/9,109
2010/11/10,118
2010/11/11,117
2010/11/12,123
2010/11/13,134
2010/11/14,120
2010/11/15,124
2010/11/16,131
2010/11/17,116
2010/11/18,110
2010/11/19,144
2010/11/20,163
2010/11/21,114
2010/11/22,140
2010/11/23,118
2010/11/24,127
2010/11/25,73
2010/11/26,79
2010/11/27,122
2010/11/28,101
2010/11/29,131
2010/11/30,112
2010/12/1,134
2010/12/2,127
2010/12/3,141
2010/12/4,128
2010/12/5,121
2010/12/6,128
2010/12/7,131
2010/12/8,128
2010/12/9,127
2010/12/10,163
2010/12/11,132
2010/12/12,136
2010/12/13,122
2010/12/14,110
2010/12/15,120
2010/12/16,129
2010/12/17,219
2010/12/18,183
2010/12/19,169
2010/12/20,160
2010/12/21,165
2010/12/22,138
2010/12/23,133
2010/12/24,103
2010/12/25,96
2010/12/26,95
2010/12/27,101
2010/12/28,97
2010/12/29,94
2010/12/30,121
2010/12/31,122
2011/1/1,123
2011/1/2,90
2011/1/3,87
2011/1/4,106
2011/1/5,116
2011/1/6,112
2011/1/7,118
2011/1/8,102
2011/1/9,96
2011/1/10,105
2011/1/11,98
2011/1/12,126
2011/1/13,126
2011/1/14,141
2011/1/15,115
2011/1/16,117
2011/1/17,107
2011/1/18,137
2011/1/19,124
2011/1/20,131
2011/1/21,135
2011/1/22,114
2011/1/23,110
2011/1/24,104
2011/1/25,91
2011/1/26,109
2011/1/27,102
2011/1/28,109
2011/1/29,120
2011/1/30,102
2011/1/31,133
2011/2/1,121
2011/2/2,112
2011/2/3,129
2011/2/4,150
2011/2/5,121
2011/2/6,104
2011/2/7,116
2011/2/8,98
2011/2/9,134
2011/2/10,142
2011/2/11,155
2011/2/12,142
2011/2/13,117
2011/2/14,124
2011/2/15,134
2011/2/16,133
2011/2/17,125
2011/2/18,158
2011/2/19,183
2011/2/20,127
2011/2/21,92
2011/2/22,107
2011/2/23,109
2011/2/24,116
2011/2/25,171
2011/2/26,133
2011/2/27,108
2011/2/28,141
2011/3/1,127
2011/3/2,124
2011/3/3,124
2011/3/4,125
2011/3/5,131
2011/3/6,129
2011/3/7,123
2011/3/8,129
2011/3/9,123
2011/3/10,140
2011/3/11,138
2011/3/12,118
2011/3/13,118
2011/3/14,116
2011/3/15,142
2011/3/16,122
2011/3/17,115
2011/3/18,128
2011/3/19,128
2011/3/20,149
2011/3/21,146
2011/3/22,115
2011/3/23,134
2011/3/24,132
2011/3/25,149
2011/3/26,112
2011/3/27,122
2011/3/28,114
2011/3/29,119
2011/3/30,133
2011/3/31,159
2011/4/1,146
2011/4/2,134
2011/4/3,105
2011/4/4,129
2011/4/5,133
2011/4/6,94
2011/4/7,125
2011/4/8,146
2011/4/9,109
2011/4/10,111
2011/4/11,103
2011/4/12,108
2011/4/13,122
2011/4/14,127
2011/4/15,164
2011/4/16,128
2011/4/17,114
2011/4/18,123
2011/4/19,106
2011/4/20,114
2011/4/21,114
2011/4/22,127
2011/4/23,115
2011/4/24,105
2011/4/25,106
2011/4/26,106
2011/4/27,123
2011/4/28,143
2011/4/29,133
2011/4/30,144
2011/5/1,134
2011/5/2,135
2011/5/3,129
2011/5/4,116
2011/5/5,135
2011/5/6,143
2011/5/7,121
2011/5/8,128
2011/5/9,111
2011/5/10,129
2011/5/11,127
2011/5/12,132
2011/5/13,121
2011/5/14,121
2011/5/15,126
2011/5/16,93
2011/5/17,122
2011/5/18,117
2011/5/19,116
2011/5/20,121
2011/5/21,107
2011/5/22,104
2011/5/23,116
2011/5/24,115
2011/5/25,115
2011/5/26,125
2011/5/27,121
2011/5/28,110
2011/5/29,113
2011/5/30,95
2011/5/31,116
2011/6/1,122
2011/6/2,107
2011/6/3,164
2011/6/4,119
2011/6/5,114
2011/6/6,113
2011/6/7,128
2011/6/8,110
2011/6/9,111
2011/6/10,113
2011/6/11,93
2011/6/12,101
2011/6/13,131
2011/6/14,142
2011/6/15,125
2011/6/16,121
2011/6/17,137
2011/6/18,130
2011/6/19,99
2011/6/20,119
2011/6/21,117
2011/6/22,125
2011/6/23,127
2011/6/24,151
2011/6/25,140
2011/6/26,107
2011/6/27,117
2011/6/28,129
2011/6/29,117
2011/6/30,118
2011/7/1,154
2011/7/2,129
2011/7/3,99
2011/7/4,127
2011/7/5,123
2011/7/6,119
2011/7/7,105
2011/7/8,145
2011/7/9,131
2011/7/10,114
2011/7/11,116
2011/7/12,111
2011/7/13,101
2011/7/14,124
2011/7/15,147
2011/7/16,118
2011/7/17,120
2011/7/18,131
2011/7/19,141
2011/7/20,115
2011/7/21,124
2011/7/22,149
2011/7/23,134
2011/7/24,118
2011/7/25,114
2011/7/26,115
2011/7/27,109
2011/7/28,124
2011/7/29,138
2011/7/30,138
2011/7/31,113
2011/8/1,140
2011/8/2,145
2011/8/3,135
2011/8/4,133
2011/8/5,145
2011/8/6,135
2011/8/7,115
2011/8/8,121
2011/8/9,114
2011/8/10,115
2011/8/11,129
2011/8/12,141
2011/8/13,133
2011/8/14,132
2011/8/15,121
2011/8/16,116
2011/8/17,127
2011/8/18,129
2011/8/19,131
2011/8/20,146
2011/8/21,138
2011/8/22,113
2011/8/23,116
2011/8/24,107
2011/8/25,122
2011/8/26,129
2011/8/27,122
2011/8/28,129
2011/8/29,134
2011/8/30,109
2011/8/31,107
2011/9/1,127
2011/9/2,155
2011/9/3,103
2011/9/4,94
2011/9/5,107
2011/9/6,126
2011/9/7,155
2011/9/8,132
2011/9/9,149
2011/9/10,145
2011/9/11,121
2011/9/12,110
2011/9/13,130
2011/9/14,114
2011/9/15,145
2011/9/16,150
2011/9/17,127
2011/9/18,144
2011/9/19,117
2011/9/20,125
2011/9/21,134
2011/9/22,145
2011/9/23,139
2011/9/24,139
2011/9/25,95
2011/9/26,109
2011/9/27,144
2011/9/28,115
2011/9/29,93
2011/9/30,132
2011/10/1,135
2011/10/2,106
2011/10/3,133
2011/10/4,131
2011/10/5,143
2011/10/6,132
2011/10/7,126
2011/10/8,109
2011/10/9,121
2011/10/10,106
2011/10/11,143
2011/10/12,125
2011/10/13,128
2011/10/14,143
2011/10/15,106
2011/10/16,131
2011/10/17,145
2011/10/18,104
2011/10/19,123
2011/10/20,93
2011/10/21,158
2011/10/22,130
2011/10/23,131
2011/10/24,125
2011/10/25,129
2011/10/26,132
2011/10/27,135
2011/10/28,156
2011/10/29,135
2011/10/30,139
2011/10/31,145
2011/11/1,132
2011/11/2,142
2011/11/3,128
2011/11/4,153
2011/11/5,125
2011/11/6,104
2011/11/7,136
2011/11/8,112
2011/11/9,146
2011/11/10,124
2011/11/11,116
2011/11/12,144
2011/11/13,113
2011/11/14,123
2011/11/15,124
2011/11/16,114
2011/11/17,128
2011/11/18,126
2011/11/19,124
2011/11/20,157
2011/11/21,146
2011/11/22,152
2011/11/23,133
2011/11/24,93
2011/11/25,93
2011/11/26,112
2011/11/27,90
2011/11/28,119
2011/11/29,109
2011/11/30,121
2011/12/1,157
2011/12/2,122
2011/12/3,113
2011/12/4,110
2011/12/5,142
2011/12/6,122
2011/12/7,114
2011/12/8,132
2011/12/9,162
2011/12/10,136
2011/12/11,111
2011/12/12,154
2011/12/13,138
2011/12/14,135
2011/12/15,124
2011/12/16,171
2011/12/17,128
2011/12/18,99
2011/12/19,119
2011/12/20,114
2011/12/21,130
2011/12/22,131
2011/12/23,139
2011/12/24,123
2011/12/25,92
2011/12/26,89
2011/12/27,106
2011/12/28,82
2011/12/29,114
2011/12/30,103
2011/12/31,121
2012/1/1,101
2012/1/2,87
2012/1/3,116
2012/1/4,96
2012/1/5,113
2012/1/6,113
2012/1/7,98
2012/1/8,91
2012/1/9,133
2012/1/10,107
2012/1/11,123
2012/1/12,125
2012/1/13,159
2012/1/14,103
2012/1/15,111
2012/1/16,88
2012/1/17,112
2012/1/18,131
2012/1/19,134
2012/1/20,136
2012/1/21,141
2012/1/22,116
2012/1/23,199
2012/1/24,133
2012/1/25,121
2012/1/26,127
2012/1/27,130
2012/1/28,128
2012/1/29,113
2012/1/30,125
2012/1/31,109
2012/2/1,115
2012/2/2,124
2012/2/3,131
2012/2/4,157
2012/2/5,134
2012/2/6,113
2012/2/7,125
2012/2/8,135
2012/2/9,133
2012/2/10,154
2012/2/11,116
2012/2/12,122
2012/2/13,153
2012/2/14,121
2012/2/15,131
2012/2/16,125
2012/2/17,123
2012/2/18,117
2012/2/19,104
2012/2/20,84
2012/2/21,124
2012/2/22,125
2012/2/23,117
2012/2/24,150
2012/2/25,135
2012/2/26,101
2012/2/27,114
2012/2/28,114
2012/2/29,101
2012/3/1,120
2012/3/2,157
2012/3/3,149
2012/3/4,123
2012/3/5,129
2012/3/6,121
2012/3/7,127
2012/3/8,119
2012/3/9,168
2012/3/10,127
2012/3/11,126
2012/3/12,130
2012/3/13,114
2012/3/14,137
2012/3/15,141
2012/3/16,129
2012/3/17,201
2012/3/18,139
2012/3/19,137
2012/3/20,129
2012/3/21,119
2012/3/22,116
2012/3/23,132
2012/3/24,159
2012/3/25,138
2012/3/26,112
2012/3/27,122
2012/3/28,119
2012/3/29,140
2012/3/30,144
2012/3/31,155
2012/4/1,124
2012/4/2,106
2012/4/3,100
2012/4/4,129
2012/4/5,120
2012/4/6,141
2012/4/7,107
2012/4/8,113
2012/4/9,108
2012/4/10,140
2012/4/11,109
2012/4/12,138
2012/4/13,137
2012/4/14,132
2012/4/15,110
2012/4/16,146
2012/4/17,115
2012/4/18,110
2012/4/19,145
2012/4/20,132
2012/4/21,151
2012/4/22,102
2012/4/23,133
2012/4/24,141
2012/4/25,117
2012/4/26,121
2012/4/27,142
2012/4/28,155
2012/4/29,111
2012/4/30,103
2012/5/1,106
2012/5/2,109
2012/5/3,124
2012/5/4,116
2012/5/5,160
2012/5/6,117
2012/5/7,107
2012/5/8,125
2012/5/9,129
2012/5/10,113
2012/5/11,127
2012/5/12,112
2012/5/13,113
2012/5/14,128
2012/5/15,115
2012/5/16,121
2012/5/17,105
2012/5/18,129
2012/5/19,153
2012/5/20,127
2012/5/21,138
2012/5/22,131
2012/5/23,121
2012/5/24,121
2012/5/25,141
2012/5/26,109
2012/5/27,113
2012/5/28,97
2012/5/29,130
2012/5/30,104
2012/5/31,123
2012/6/1,150
2012/6/2,145
2012/6/3,116
2012/6/4,107
2012/6/5,128
2012/6/6,113
2012/6/7,129
2012/6/8,145
2012/6/9,117
2012/6/10,94
2012/6/11,120
2012/6/12,115
2012/6/13,122
2012/6/14,119
2012/6/15,121
2012/6/16,127
2012/6/17,112
2012/6/18,104
2012/6/19,123
2012/6/20,121
2012/6/21,128
2012/6/22,131
2012/6/23,131
2012/6/24,115
2012/6/25,109
2012/6/26,127
2012/6/27,125
2012/6/28,126
2012/6/29,130
2012/6/30,129
2012/7/1,123
2012/7/2,104
2012/7/3,114
2012/7/4,110
2012/7/5,108
2012/7/6,138
2012/7/7,110
2012/7/8,114
2012/7/9,125
2012/7/10,116
2012/7/11,120
2012/7/12,111
2012/7/13,137
2012/7/14,128
2012/7/15,126
2012/7/16,123
2012/7/17,123
2012/7/18,132
2012/7/19,125
2012/7/20,150
2012/7/21,111
2012/7/22,105
2012/7/23,119
2012/7/24,113
2012/7/25,119
2012/7/26,96
2012/7/27,133
2012/7/28,123
2012/7/29,111
2012/7/30,126
2012/7/31,93
2012/8/1,128
2012/8/2,110
2012/8/3,149
2012/8/4,121
2012/8/5,116
2012/8/6,129
2012/8/7,150
2012/8/8,117
2012/8/9,121
2012/8/10,141
2012/8/11,137
2012/8/12,126
2012/8/13,130
2012/8/14,119
2012/8/15,145
2012/8/16,113
2012/8/17,139
2012/8/18,113
2012/8/19,116
2012/8/20,120
2012/8/21,125
2012/8/22,110
2012/8/23,136
2012/8/24,130
2012/8/25,131
2012/8/26,120
2012/8/27,135
2012/8/28,105
2012/8/29,130
2012/8/30,133
2012/8/31,156
2012/9/1,126
2012/9/2,90
2012/9/3,101
2012/9/4,133
2012/9/5,105
2012/9/6,126
2012/9/7,151
2012/9/8,127
2012/9/9,136
2012/9/10,126
2012/9/11,112
2012/9/12,125
2012/9/13,131
2012/9/14,147
2012/9/15,132
2012/9/16,120
2012/9/17,122
2012/9/18,124
2012/9/19,124
2012/9/20,145
2012/9/21,144
2012/9/22,128
2012/9/23,110
2012/9/24,140
2012/9/25,129
2012/9/26,99
2012/9/27,126
2012/9/28,167
2012/9/29,126
2012/9/30,123
2012/10/1,143
2012/10/2,139
2012/10/3,117
2012/10/4,123
2012/10/5,141
2012/10/6,142
2012/10/7,136
2012/10/8,112
2012/10/9,124
2012/10/10,105
2012/10/11,152
2012/10/12,141
2012/10/13,116
2012/10/14,118
2012/10/15,129
2012/10/16,127
2012/10/17,141
2012/10/18,130
2012/10/19,166
2012/10/20,100
2012/10/21,117
2012/10/22,121
2012/10/23,116
2012/10/24,131
2012/10/25,139
2012/10/26,142
2012/10/27,138
2012/10/28,123
2012/10/29,119
2012/10/30,143
2012/10/31,132
2012/11/1,123
2012/11/2,153
2012/11/3,134
2012/11/4,118
2012/11/5,110
2012/11/6,144
2012/11/7,101
2012/11/8,138
2012/11/9,129
2012/11/10,112
2012/11/11,112
2012/11/12,98
2012/11/13,114
2012/11/14,117
2012/11/15,122
2012/11/16,149
2012/11/17,180
2012/11/18,133
2012/11/19,105
2012/11/20,104
2012/11/21,119
2012/11/22,82
2012/11/23,104
2012/11/24,118
2012/11/25,91
2012/11/26,116
2012/11/27,96
2012/11/28,107
2012/11/29,134
2012/11/30,149
2012/12/1,138
2012/12/2,134
2012/12/3,142
2012/12/4,122
2012/12/5,133
2012/12/6,131
2012/12/7,141
2012/12/8,119
2012/12/9,122
2012/12/10,124
2012/12/11,127
2012/12/12,109
2012/12/13,124
2012/12/14,146
2012/12/15,129
2012/12/16,128
2012/12/17,104
2012/12/18,125
2012/12/19,106
2012/12/20,101
2012/12/21,142
2012/12/22,119
2012/12/23,103
2012/12/24,138
2012/12/25,68
2012/12/26,105
2012/12/27,100
2012/12/28,98
2012/12/29,92
2012/12/30,79
2012/12/31,108
2013/1/1,117
2013/1/2,87
2013/1/3,114
2013/1/4,110
2013/1/5,121
2013/1/6,93
2013/1/7,106
2013/1/8,122
2013/1/9,104
2013/1/10,123
2013/1/11,131
2013/1/12,128
2013/1/13,99
2013/1/14,133
2013/1/15,117
2013/1/16,121
2013/1/17,119
2013/1/18,134
2013/1/19,133
2013/1/20,130
2013/1/21,81
2013/1/22,105
2013/1/23,103
2013/1/24,114
2013/1/25,168
2013/1/26,126
2013/1/27,117
2013/1/28,95
2013/1/29,90
2013/1/30,110
2013/1/31,121
2013/2/1,132
2013/2/2,129
2013/2/3,132
2013/2/4,127
2013/2/5,112
2013/2/6,128
2013/2/7,92
2013/2/8,141
2013/2/9,118
2013/2/10,97
2013/2/11,106
2013/2/12,121
2013/2/13,116
2013/2/14,141
2013/2/15,133
2013/2/16,112
2013/2/17,106
2013/2/18,92
2013/2/19,120
2013/2/20,118
2013/2/21,115
2013/2/22,144
2013/2/23,123
2013/2/24,109
2013/2/25,113
2013/2/26,129
2013/2/27,138
2013/2/28,116
2013/3/1,150
2013/3/2,165
2013/3/3,113
2013/3/4,114
2013/3/5,104
2013/3/6,117
2013/3/7,130
2013/3/8,168
2013/3/9,141
2013/3/10,103
2013/3/11,129
2013/3/12,124
2013/3/13,135
2013/3/14,139
2013/3/15,135
2013/3/16,128
2013/3/17,119
2013/3/18,120
2013/3/19,106
2013/3/20,117
2013/3/21,108
2013/3/22,160
2013/3/23,131
2013/3/24,108
2013/3/25,103
2013/3/26,106
2013/3/27,107
2013/3/28,121
2013/3/29,124
2013/3/30,128
2013/3/31,107
2013/4/1,122
2013/4/2,127
2013/4/3,128
2013/4/4,136
2013/4/5,134
2013/4/6,119
2013/4/7,112
2013/4/8,109
2013/4/9,136
2013/4/10,108
2013/4/11,140
2013/4/12,132
2013/4/13,119
2013/4/14,96
2013/4/15,110
2013/4/16,113
2013/4/17,106
2013/4/18,113
2013/4/19,160
2013/4/20,114
2013/4/21,123
2013/4/22,118
2013/4/23,124
2013/4/24,117
2013/4/25,133
2013/4/26,171
2013/4/27,157
2013/4/28,115
2013/4/29,118
2013/4/30,129
2013/5/1,131
2013/5/2,130
2013/5/3,149
2013/5/4,138
2013/5/5,111
2013/5/6,136
2013/5/7,118
2013/5/8,101
2013/5/9,125
2013/5/10,155
2013/5/11,136
2013/5/12,121
2013/5/13,117
2013/5/14,115
2013/5/15,118
2013/5/16,111
2013/5/17,139
2013/5/18,135
2013/5/19,122
2013/5/20,123
2013/5/21,131
2013/5/22,114
2013/5/23,122
2013/5/24,135
2013/5/25,137
2013/5/26,101
2013/5/27,108
2013/5/28,119
2013/5/29,110
2013/5/30,131
2013/5/31,142
2013/6/1,119
2013/6/2,117
2013/6/3,115
2013/6/4,120
2013/6/5,120
2013/6/6,119
2013/6/7,116
2013/6/8,140
2013/6/9,123
2013/6/10,120
2013/6/11,125
2013/6/12,102
2013/6/13,123
2013/6/14,127
2013/6/15,115
2013/6/16,120
2013/6/17,105
2013/6/18,99
2013/6/19,125
2013/6/20,116
2013/6/21,132
2013/6/22,102
2013/6/23,120
2013/6/24,91
2013/6/25,118
2013/6/26,125
2013/6/27,121
2013/6/28,149
2013/6/29,141
2013/6/30,113
2013/7/1,125
2013/7/2,151
2013/7/3,117
2013/7/4,126
2013/7/5,111
2013/7/6,136
2013/7/7,112
2013/7/8,107
2013/7/9,104
2013/7/10,105
2013/7/11,122
2013/7/12,117
2013/7/13,135
2013/7/14,92
2013/7/15,123
2013/7/16,102
2013/7/17,124
2013/7/18,97
2013/7/19,131
2013/7/20,121
2013/7/21,107
2013/7/22,110
2013/7/23,118
2013/7/24,111
2013/7/25,113
2013/7/26,138
2013/7/27,124
2013/7/28,121
2013/7/29,105
2013/7/30,131
2013/7/31,110
2013/8/1,116
2013/8/2,151
2013/8/3,129
2013/8/4,125
2013/8/5,114
2013/8/6,120
2013/8/7,133
2013/8/8,112
2013/8/9,152
2013/8/10,129
2013/8/11,123
2013/8/12,109
2013/8/13,118
2013/8/14,102
2013/8/15,115
2013/8/16,134
2013/8/17,123
2013/8/18,130
2013/8/19,138
2013/8/20,140
2013/8/21,136
2013/8/22,135
2013/8/23,141
2013/8/24,145
2013/8/25,124
2013/8/26,140
2013/8/27,138
2013/8/28,150
2013/8/29,139
2013/8/30,156
2013/8/31,114
2013/9/1,110
2013/9/2,99
2013/9/3,166
2013/9/4,152
2013/9/5,106
2013/9/6,135
2013/9/7,124
2013/9/8,97
2013/9/9,108
2013/9/10,124
2013/9/11,124
2013/9/12,128
2013/9/13,131
2013/9/14,131
2013/9/15,137
2013/9/16,133
2013/9/17,125
2013/9/18,118
2013/9/19,119
2013/9/20,130
2013/9/21,102
2013/9/22,121
2013/9/23,132
2013/9/24,130
2013/9/25,117
2013/9/26,137
2013/9/27,146
2013/9/28,119
2013/9/29,114
2013/9/30,130
2013/10/1,141
2013/10/2,121
2013/10/3,132
2013/10/4,165
2013/10/5,142
2013/10/6,107
2013/10/7,122
2013/10/8,119
2013/10/9,124
2013/10/10,146
2013/10/11,128
2013/10/12,146
2013/10/13,122
2013/10/14,129
2013/10/15,111
2013/10/16,117
2013/10/17,151
2013/10/18,148
2013/10/19,158
2013/10/20,133
2013/10/21,128
2013/10/22,146
2013/10/23,119
2013/10/24,135
2013/10/25,152
2013/10/26,138
2013/10/27,119
2013/10/28,119
2013/10/29,119
2013/10/30,130
2013/10/31,160
2013/11/1,159
2013/11/2,139
2013/11/3,120
2013/11/4,134
2013/11/5,125
2013/11/6,146
2013/11/7,121
2013/11/8,142
2013/11/9,128
2013/11/10,107
2013/11/11,130
2013/11/12,130
2013/11/13,139
2013/11/14,137
2013/11/15,130
2013/11/16,110
2013/11/17,133
2013/11/18,119
2013/11/19,126
2013/11/20,151
2013/11/21,153
2013/11/22,132
2013/11/23,93
2013/11/24,112
2013/11/25,132
2013/11/26,111
2013/11/27,127
2013/11/28,71
2013/11/29,107
2013/11/30,131
2013/12/1,113
2013/12/2,101
2013/12/3,97
2013/12/4,125
2013/12/5,111
2013/12/6,127
2013/12/7,143
2013/12/8,113
2013/12/9,114
2013/12/10,135
2013/12/11,131
2013/12/12,129
2013/12/13,152
2013/12/14,132
2013/12/15,126
2013/12/16,150
2013/12/17,134
2013/12/18,131
2013/12/19,127
2013/12/20,171
2013/12/21,111
2013/12/22,110
2013/12/23,128
2013/12/24,115
2013/12/25,80
2013/12/26,103
2013/12/27,113
2013/12/28,81
2013/12/29,86
2013/12/30,96
2013/12/31,115
2014/1/1,112
2014/1/2,101
2014/1/3,104
2014/1/4,87
2014/1/5,98
2014/1/6,107
2014/1/7,101
2014/1/8,102
2014/1/9,95
2014/1/10,114
2014/1/11,136
2014/1/12,86
2014/1/13,106
2014/1/14,133
2014/1/15,145
2014/1/16,146
2014/1/17,150
2014/1/18,116
2014/1/19,105
2014/1/20,92
2014/1/21,115
2014/1/22,126
2014/1/23,108
2014/1/24,124
2014/1/25,122
2014/1/26,100
2014/1/27,120
2014/1/28,145
2014/1/29,116
2014/1/30,122
2014/1/31,152
2014/2/1,110
2014/2/2,149
2014/2/3,124
2014/2/4,108
2014/2/5,110
2014/2/6,138
2014/2/7,126
2014/2/8,114
2014/2/9,118
2014/2/10,114
2014/2/11,104
2014/2/12,116
2014/2/13,122
2014/2/14,167
2014/2/15,128
2014/2/16,98
2014/2/17,100
2014/2/18,100
2014/2/19,135
2014/2/20,129
2014/2/21,158
2014/2/22,133
2014/2/23,129
2014/2/24,148
2014/2/25,116
2014/2/26,106
2014/2/27,130
2014/2/28,172
2014/3/1,130
2014/3/2,103
2014/3/3,124
2014/3/4,120
2014/3/5,98
2014/3/6,137
2014/3/7,147
2014/3/8,123
2014/3/9,104
2014/3/10,125
2014/3/11,147
2014/3/12,135
2014/3/13,114
2014/3/14,151
2014/3/15,140
2014/3/16,135
2014/3/17,124
2014/3/18,133
2014/3/19,146
2014/3/20,125
2014/3/21,135
2014/3/22,124
2014/3/23,115
2014/3/24,105
2014/3/25,98
2014/3/26,115
2014/3/27,129
2014/3/28,136
2014/3/29,127
2014/3/30,125
2014/3/31,109
2014/4/1,141
2014/4/2,127
2014/4/3,128
2014/4/4,129
2014/4/5,127
2014/4/6,128
2014/4/7,136
2014/4/8,147
2014/4/9,143
2014/4/10,106
2014/4/11,131
2014/4/12,110
2014/4/13,101
2014/4/14,119
2014/4/15,132
2014/4/16,117
2014/4/17,115
2014/4/18,109
2014/4/19,137
2014/4/20,110
2014/4/21,109
2014/4/22,128
2014/4/23,104
2014/4/24,124
2014/4/25,123
2014/4/26,118
2014/4/27,115
2014/4/28,122
2014/4/29,133
2014/4/30,131
2014/5/1,140
2014/5/2,145
2014/5/3,149
2014/5/4,112
2014/5/5,114
2014/5/6,114
2014/5/7,121
2014/5/8,118
2014/5/9,156
2014/5/10,140
2014/5/11,118
2014/5/12,133
2014/5/13,111
2014/5/14,124
2014/5/15,131
2014/5/16,146
2014/5/17,132
2014/5/18,116
2014/5/19,128
2014/5/20,108
2014/5/21,116
2014/5/22,103
2014/5/23,129
2014/5/24,124
2014/5/25,114
2014/5/26,95
2014/5/27,121
2014/5/28,109
2014/5/29,135
2014/5/30,151
2014/5/31,134
2014/6/1,137
2014/6/2,143
2014/6/3,147
2014/6/4,131
2014/6/5,147
2014/6/6,159
2014/6/7,124
2014/6/8,104
2014/6/9,126
2014/6/10,130
2014/6/11,98
2014/6/12,122
2014/6/13,128
2014/6/14,131
2014/6/15,117
2014/6/16,127
2014/6/17,129
2014/6/18,114
2014/6/19,105
2014/6/20,151
2014/6/21,123
2014/6/22,131
2014/6/23,118
2014/6/24,140
2014/6/25,115
2014/6/26,116
2014/6/27,164
2014/6/28,130
2014/6/29,153
2014/6/30,146
2014/7/1,151
2014/7/2,125
2014/7/3,142
2014/7/4,116
2014/7/5,117
2014/7/6,106
2014/7/7,117
2014/7/8,126
2014/7/9,116
2014/7/10,105
2014/7/11,131
2014/7/12,131
2014/7/13,112
2014/7/14,118
2014/7/15,130
2014/7/16,115
2014/7/17,129
2014/7/18,133
2014/7/19,97
2014/7/20,122
2014/7/21,143
2014/7/22,125
2014/7/23,136
2014/7/24,148
2014/7/25,140
2014/7/26,122
2014/7/27,99
2014/7/28,119
2014/7/29,129
2014/7/30,101
2014/7/31,138
2014/8/1,136
2014/8/2,152
2014/8/3,142
2014/8/4,129
2014/8/5,119
2014/8/6,111
2014/8/7,116
2014/8/8,143
2014/8/9,138
2014/8/10,144
2014/8/11,128
2014/8/12,127
2014/8/13,120
2014/8/14,147
2014/8/15,160
2014/8/16,150
2014/8/17,129
2014/8/18,130
2014/8/19,132
2014/8/20,121
2014/8/21,151
2014/8/22,162
2014/8/23,130
2014/8/24,117
2014/8/25,141
2014/8/26,129
2014/8/27,147
2014/8/28,131
2014/8/29,155
2014/8/30,124
2014/8/31,122
2014/9/1,91
2014/9/2,129
2014/9/3,157
2014/9/4,129
2014/9/5,150
2014/9/6,131
2014/9/7,145
2014/9/8,129
2014/9/9,127
2014/9/10,131
2014/9/11,157
2014/9/12,152
2014/9/13,143
2014/9/14,121
2014/9/15,162
2014/9/16,133
2014/9/17,122
2014/9/18,147
2014/9/19,141
2014/9/20,132
2014/9/21,128
2014/9/22,128
2014/9/23,140
2014/9/24,162
2014/9/25,130
2014/9/26,164
2014/9/27,124
2014/9/28,124
2014/9/29,138
2014/9/30,144
2014/10/1,158
2014/10/2,162
2014/10/3,167
2014/10/4,129
2014/10/5,122
2014/10/6,140
2014/10/7,123
2014/10/8,133
2014/10/9,132
2014/10/10,156
2014/10/11,129
2014/10/12,113
2014/10/13,121
2014/10/14,129
2014/10/15,110
2014/10/16,131
2014/10/17,140
2014/10/18,136
2014/10/19,129
2014/10/20,152
2014/10/21,138
2014/10/22,145
2014/10/23,161
2014/10/24,164
2014/10/25,139
2014/10/26,120
2014/10/27,138
2014/10/28,126
2014/10/29,141
2014/10/30,134
2014/10/31,174
2014/11/1,168
2014/11/2,112
2014/11/3,130
2014/11/4,134
2014/11/5,134
2014/11/6,139
2014/11/7,135
2014/11/8,140
2014/11/9,126
2014/11/10,118
2014/11/11,89
2014/11/12,126
2014/11/13,143
2014/11/14,170
2014/11/15,129
2014/11/16,119
2014/11/17,123
2014/11/18,112
2014/11/19,133
2014/11/20,141
2014/11/21,162
2014/11/22,138
2014/11/23,120
2014/11/24,141
2014/11/25,135
2014/11/26,134
2014/11/27,93
2014/11/28,91
2014/11/29,111
2014/11/30,136
2014/12/1,136
2014/12/2,135
2014/12/3,180
2014/12/4,162
2014/12/5,138
2014/12/6,140
2014/12/7,123
2014/12/8,174
2014/12/9,147
2014/12/10,118
2014/12/11,139
2014/12/12,167
2014/12/13,149
2014/12/14,111
2014/12/15,122
2014/12/16,134
2014/12/17,135
2014/12/18,165
2014/12/19,161
2014/12/20,145
2014/12/21,119
2014/12/22,152
2014/12/23,138
2014/12/24,133
2014/12/25,106
2014/12/26,101
2014/12/27,104
2014/12/28,109
2014/12/29,126
2014/12/30,114
2014/12/31,101
2015/1/1,142
2015/1/2,101
2015/1/3,124
2015/1/4,113
2015/1/5,122
2015/1/6,127
2015/1/7,137
2015/1/8,120
2015/1/9,135
2015/1/10,171
2015/1/11,131
2015/1/12,135
2015/1/13,131
2015/1/14,155
2015/1/15,137
2015/1/16,143
2015/1/17,147
2015/1/18,122
2015/1/19,79
2015/1/20,121
2015/1/21,128
2015/1/22,141
2015/1/23,137
2015/1/24,131
2015/1/25,113
2015/1/26,140
2015/1/27,151
2015/1/28,139
2015/1/29,136
2015/1/30,170
2015/1/31,122
2015/2/1,124
2015/2/2,115
2015/2/3,140
2015/2/4,143
2015/2/5,112
2015/2/6,154
2015/2/7,135
2015/2/8,114
2015/2/9,141
2015/2/10,146
2015/2/11,142
2015/2/12,167
2015/2/13,179
2015/2/14,131
2015/2/15,141
2015/2/16,110
2015/2/17,126
2015/2/18,134
2015/2/19,153
2015/2/20,160
2015/2/21,140
2015/2/22,160
2015/2/23,141
2015/2/24,118
2015/2/25,144
2015/2/26,139
2015/2/27,152
2015/2/28,154
2015/3/1,142
2015/3/2,139
2015/3/3,126
2015/3/4,134
2015/3/5,139
2015/3/6,154
2015/3/7,155
2015/3/8,139
2015/3/9,147
2015/3/10,129
2015/3/11,128
2015/3/12,169
2015/3/13,171
2015/3/14,165
2015/3/15,111
2015/3/16,150
2015/3/17,150
2015/3/18,125
2015/3/19,143
2015/3/20,128
2015/3/21,136
2015/3/22,114
2015/3/23,153
2015/3/24,146
2015/3/25,159
2015/3/26,152
2015/3/27,198
2015/3/28,172
2015/3/29,133
2015/3/30,137
2015/3/31,113
2015/4/1,154
2015/4/2,135
2015/4/3,139
2015/4/4,149
2015/4/5,126
2015/4/6,132
2015/4/7,162
2015/4/8,154
2015/4/9,131
2015/4/10,143
2015/4/11,147
2015/4/12,112
2015/4/13,144
2015/4/14,122
2015/4/15,151
2015/4/16,154
2015/4/17,158
2015/4/18,147
2015/4/19,144
2015/4/20,146
2015/4/21,134
2015/4/22,133
2015/4/23,134
2015/4/24,144
2015/4/25,140
2015/4/26,129
2015/4/27,156
2015/4/28,136
2015/4/29,120
2015/4/30,141
2015/5/1,174
2015/5/2,157
2015/5/3,133
2015/5/4,137
2015/5/5,135
2015/5/6,123
2015/5/7,133
2015/5/8,142
2015/5/9,141
2015/5/10,123
2015/5/11,119
2015/5/12,127
2015/5/13,142
2015/5/14,183
2015/5/15,155
2015/5/16,157
2015/5/17,123
2015/5/18,138
2015/5/19,119
2015/5/20,143
2015/5/21,141
2015/5/22,143
2015/5/23,122
2015/5/24,112
2015/5/25,107
2015/5/26,147
2015/5/27,125
2015/5/28,159
2015/5/29,152
2015/5/30,130
2015/5/31,116
2015/6/1,160
2015/6/2,135
2015/6/3,152
2015/6/4,113
2015/6/5,164
2015/6/6,135
2015/6/7,123
2015/6/8,152
2015/6/9,129
2015/6/10,124
2015/6/11,138
2015/6/12,139
2015/6/13,117
2015/6/14,135
2015/6/15,127
2015/6/16,131
2015/6/17,159
2015/6/18,146
2015/6/19,147
2015/6/20,159
2015/6/21,132
2015/6/22,135
2015/6/23,126
2015/6/24,135
2015/6/25,150
2015/6/26,158
2015/6/27,139
2015/6/28,141
2015/6/29,139
2015/6/30,143
2015/7/1,125
2015/7/2,148
2015/7/3,146
2015/7/4,129
2015/7/5,122
2015/7/6,133
2015/7/7,131
2015/7/8,144
2015/7/9,151
2015/7/10,135
2015/7/11,130
2015/7/12,126
2015/7/13,136
2015/7/14,143
2015/7/15,112
2015/7/16,166
2015/7/17,147
2015/7/18,165
2015/7/19,144
2015/7/20,130
2015/7/21,147
2015/7/22,114
2015/7/23,143
2015/7/24,170
2015/7/25,161
2015/7/26,136
2015/7/27,125
2015/7/28,130
2015/7/29,149
2015/7/30,131
2015/7/31,144
2015/8/1,154
2015/8/2,143
2015/8/3,155
2015/8/4,141
2015/8/5,140
2015/8/6,144
2015/8/7,173
2015/8/8,145
2015/8/9,142
2015/8/10,137
2015/8/11,137
2015/8/12,159
2015/8/13,128
2015/8/14,179
2015/8/15,160
2015/8/16,145
2015/8/17,152
2015/8/18,155
2015/8/19,155
2015/8/20,155
2015/8/21,152
2015/8/22,165
2015/8/23,147
2015/8/24,162
2015/8/25,143
2015/8/26,154
2015/8/27,178
2015/8/28,151
2015/8/29,170
2015/8/30,130
2015/8/31,154
2015/9/1,119
2015/9/2,156
2015/9/3,129
2015/9/4,139
2015/9/5,150
2015/9/6,135
2015/9/7,121
2015/9/8,171
2015/9/9,152
2015/9/10,141
2015/9/11,147
2015/9/12,145
2015/9/13,127
2015/9/14,146
2015/9/15,160
2015/9/16,157
2015/9/17,182
2015/9/18,171
2015/9/19,165
2015/9/20,136
2015/9/21,127
2015/9/22,155
2015/9/23,147
2015/9/24,151
2015/9/25,188
2015/9/26,160
2015/9/27,150
2015/9/28,159
2015/9/29,135
2015/9/30,146
2015/10/1,162
2015/10/2,168
2015/10/3,164
2015/10/4,141
2015/10/5,168
2015/10/6,150
2015/10/7,167
2015/10/8,162
2015/10/9,213
2015/10/10,159
2015/10/11,135
2015/10/12,139
2015/10/13,146
2015/10/14,154
2015/10/15,154
2015/10/16,161
2015/10/17,147
2015/10/18,129
2015/10/19,136
2015/10/20,135
2015/10/21,153
2015/10/22,159
2015/10/23,162
2015/10/24,154
2015/10/25,145
2015/10/26,151
2015/10/27,145
2015/10/28,139
2015/10/29,167
2015/10/30,176
2015/10/31,173
2015/11/1,169
2015/11/2,148
2015/11/3,165
2015/11/4,148
2015/11/5,124
2015/11/6,166
2015/11/7,142
2015/11/8,132
2015/11/9,138
2015/11/10,154
2015/11/11,130
2015/11/12,152
2015/11/13,171
2015/11/14,151
2015/11/15,119
2015/11/16,150
2015/11/17,164
2015/11/18,166
2015/11/19,181
2015/11/20,208
2015/11/21,172
2015/11/22,156
2015/11/23,152
2015/11/24,137
2015/11/25,157
2015/11/26,104
2015/11/27,132
2015/11/28,111
2015/11/29,111
2015/11/30,161
2015/12/1,160
2015/12/2,152
2015/12/3,148
2015/12/4,152
2015/12/5,160
2015/12/6,138
2015/12/7,154
2015/12/8,145
2015/12/9,163
2015/12/10,180
2015/12/11,162
2015/12/12,155
2015/12/13,163
2015/12/14,142
2015/12/15,147
2015/12/16,169
2015/12/17,181
2015/12/18,172
2015/12/19,197
2015/12/20,131
2015/12/21,124
2015/12/22,168
2015/12/23,159
2015/12/24,133
2015/12/25,88
2015/12/26,112
2015/12/27,104
2015/12/28,121
2015/12/29,138
2015/12/30,114
2015/12/31,153
2016/1/1,137
2016/1/2,97
2016/1/3,101
2016/1/4,122
2016/1/5,128
2016/1/6,135
2016/1/7,136
2016/1/8,162
2016/1/9,133
2016/1/10,122
2016/1/11,132
2016/1/12,127
2016/1/13,128
2016/1/14,133
2016/1/15,139
2016/1/16,143
2016/1/17,137
2016/1/18,106
2016/1/19,132
2016/1/20,142
2016/1/21,138
2016/1/22,162
2016/1/23,127
2016/1/24,115
2016/1/25,161
2016/1/26,156
2016/1/27,129
2016/1/28,155
2016/1/29,166
2016/1/30,136
2016/1/31,141
2016/2/1,152
2016/2/2,164
2016/2/3,168
2016/2/4,121
2016/2/5,167
2016/2/6,147
2016/2/7,158
2016/2/8,166
2016/2/9,161
2016/2/10,143
2016/2/11,152
2016/2/12,176
2016/2/13,147
2016/2/14,139
2016/2/15,156
2016/2/16,138
2016/2/17,218
2016/2/18,146
2016/2/19,157
2016/2/20,148
2016/2/21,150
2016/2/22,162
2016/2/23,146
2016/2/24,155
2016/2/25,155
2016/2/26,158
2016/2/27,174
2016/2/28,147
2016/2/29,158
2016/3/1,128
2016/3/2,163
2016/3/3,167
2016/3/4,131
2016/3/5,159
2016/3/6,168
2016/3/7,134
2016/3/8,144
2016/3/9,141
2016/3/10,131
2016/3/11,185
2016/3/12,158
2016/3/13,130
2016/3/14,157
2016/3/15,160
2016/3/16,160
2016/3/17,153
2016/3/18,185
2016/3/19,143
2016/3/20,147
2016/3/21,139
2016/3/22,136
2016/3/23,147
2016/3/24,163
2016/3/25,160
2016/3/26,165
2016/3/27,118
2016/3/28,127
2016/3/29,142
2016/3/30,166
2016/3/31,181
2016/4/1,171
2016/4/2,156
2016/4/3,131
2016/4/4,172
2016/4/5,153
2016/4/6,174
2016/4/7,155
2016/4/8,167
2016/4/9,155
2016/4/10,145
2016/4/11,128
2016/4/12,174
2016/4/13,166
2016/4/14,147
2016/4/15,163
2016/4/16,189
2016/4/17,155
2016/4/18,171
2016/4/19,165
2016/4/20,131
2016/4/21,158
2016/4/22,161
2016/4/23,145
2016/4/24,134
2016/4/25,131
2016/4/26,147
2016/4/27,170
2016/4/28,171
2016/4/29,173
2016/4/30,172
2016/5/1,140
2016/5/2,141
2016/5/3,147
2016/5/4,146
2016/5/5,151
2016/5/6,145
2016/5/7,136
2016/5/8,126
2016/5/9,136
2016/5/10,161
2016/5/11,150
2016/5/12,176
2016/5/13,159
2016/5/14,145
2016/5/15,154
2016/5/16,139
2016/5/17,153
2016/5/18,150
2016/5/19,172
2016/5/20,158
2016/5/21,177
2016/5/22,145
2016/5/23,149
2016/5/24,147
2016/5/25,168
2016/5/26,147
2016/5/27,174
2016/5/28,127
2016/5/29,140
2016/5/30,109
2016/5/31,157
2016/6/1,171
2016/6/2,154
2016/6/3,176
2016/6/4,174
2016/6/5,137
2016/6/6,169
2016/6/7,168
2016/6/8,162
2016/6/9,168
2016/6/10,171
2016/6/11,153
2016/6/12,131
2016/6/13,147
2016/6/14,142
2016/6/15,139
2016/6/16,182
2016/6/17,175
2016/6/18,175
2016/6/19,144
2016/6/20,170
2016/6/21,152
2016/6/22,160
2016/6/23,153
2016/6/24,171
2016/6/25,182
2016/6/26,155
2016/6/27,166
2016/6/28,156
2016/6/29,161
2016/6/30,155
2016/7/1,167
2016/7/2,155
2016/7/3,149
2016/7/4,127
2016/7/5,155
2016/7/6,144
2016/7/7,150
2016/7/8,144
2016/7/9,143
2016/7/10,131
2016/7/11,133
2016/7/12,149
2016/7/13,178
2016/7/14,136
2016/7/15,173
2016/7/16,142
2016/7/17,160
2016/7/18,139
2016/7/19,135
2016/7/20,143
2016/7/21,144
2016/7/22,172
2016/7/23,165
2016/7/24,159
2016/7/25,156
2016/7/26,138
2016/7/27,156
2016/7/28,135
2016/7/29,167
2016/7/30,166
2016/7/31,161
2016/8/1,180
2016/8/2,172
2016/8/3,158
2016/8/4,169
2016/8/5,186
2016/8/6,137
2016/8/7,149
2016/8/8,151
2016/8/9,143
2016/8/10,168
2016/8/11,137
2016/8/12,157
2016/8/13,160
2016/8/14,134
2016/8/15,164
2016/8/16,182
2016/8/17,171
2016/8/18,146
2016/8/19,191
2016/8/20,177
2016/8/21,154
2016/8/22,163
2016/8/23,146
2016/8/24,140
2016/8/25,150
2016/8/26,152
2016/8/27,147
2016/8/28,138
2016/8/29,177
2016/8/30,180
2016/8/31,182
2016/9/1,178
2016/9/2,163
2016/9/3,126
2016/9/4,137
2016/9/5,123
2016/9/6,178
2016/9/7,172
2016/9/8,166
2016/9/9,175
2016/9/10,140
2016/9/11,146
2016/9/12,151
2016/9/13,131
2016/9/14,167
2016/9/15,171
2016/9/16,199
2016/9/17,171
2016/9/18,180
2016/9/19,152
2016/9/20,147
2016/9/21,178
2016/9/22,159
2016/9/23,174
2016/9/24,157
2016/9/25,146
2016/9/26,188
2016/9/27,186
2016/9/28,146
2016/9/29,143
2016/9/30,188
2016/10/1,174
2016/10/2,145
2016/10/3,157
2016/10/4,158
2016/10/5,174
2016/10/6,167
2016/10/7,179
2016/10/8,170
2016/10/9,146
2016/10/10,164
2016/10/11,167
2016/10/12,139
2016/10/13,152
2016/10/14,164
2016/10/15,151
2016/10/16,142
2016/10/17,180
2016/10/18,168
2016/10/19,161
2016/10/20,173
2016/10/21,180
2016/10/22,160
2016/10/23,131
2016/10/24,144
2016/10/25,152
2016/10/26,169
2016/10/27,144
2016/10/28,149
2016/10/29,148
2016/10/30,149
2016/10/31,165
2016/11/1,166
2016/11/2,147
2016/11/3,162
2016/11/4,184
2016/11/5,160
2016/11/6,166
2016/11/7,154
2016/11/8,155
2016/11/9,162
2016/11/10,186
2016/11/11,157
2016/11/12,140
2016/11/13,130
2016/11/14,165
2016/11/15,173
2016/11/16,156
2016/11/17,184
2016/11/18,184
2016/11/19,150
2016/11/20,178
2016/11/21,169
2016/11/22,154
2016/11/23,135
2016/11/24,106
2016/11/25,122
2016/11/26,142
2016/11/27,100
2016/11/28,125
2016/11/29,166
2016/11/30,156
2016/12/1,175
2016/12/2,197
2016/12/3,167
2016/12/4,146
2016/12/5,154
2016/12/6,154
2016/12/7,160
2016/12/8,168
2016/12/9,190
2016/12/10,176
2016/12/11,127
2016/12/12,150
2016/12/13,163
2016/12/14,175
2016/12/15,223
2016/12/16,195
2016/12/17,156
2016/12/18,184
2016/12/19,152
2016/12/20,137
2016/12/21,180
2016/12/22,160
2016/12/23,183
2016/12/24,136
2016/12/25,121
2016/12/26,115
2016/12/27,133
2016/12/28,141
2016/12/29,121
2016/12/30,141
2016/12/31,153
2017/1/1,134
2017/1/2,104
2017/1/3,125
2017/1/4,138
2017/1/5,150
2017/1/6,148
2017/1/7,122
2017/1/8,119
2017/1/9,152
2017/1/10,142
2017/1/11,162
2017/1/12,150
2017/1/13,197
2017/1/14,143
2017/1/15,93
2017/1/16,129
2017/1/17,149
2017/1/18,171
2017/1/19,145
2017/1/20,177
2017/1/21,142
2017/1/22,120
2017/1/23,163
2017/1/24,164
2017/1/25,153
2017/1/26,145
2017/1/27,187
2017/1/28,166
2017/1/29,122
2017/1/30,145
2017/1/31,160
2017/2/1,141
2017/2/2,146
2017/2/3,181
2017/2/4,148
2017/2/5,124
2017/2/6,144
2017/2/7,165
2017/2/8,165
2017/2/9,157
2017/2/10,189
2017/2/11,143
2017/2/12,143
2017/2/13,135
2017/2/14,159
2017/2/15,185
2017/2/16,131
2017/2/17,188
2017/2/18,140
2017/2/19,145
2017/2/20,124
2017/2/21,132
2017/2/22,155
2017/2/23,174
2017/2/24,164
2017/2/25,168
2017/2/26,143
2017/2/27,149
2017/2/28,174
2017/3/1,168
2017/3/2,153
2017/3/3,197
2017/3/4,157
2017/3/5,132
2017/3/6,163
2017/3/7,151
2017/3/8,169
2017/3/9,177
2017/3/10,169
2017/3/11,146
2017/3/12,173
2017/3/13,155
2017/3/14,164
2017/3/15,179
2017/3/16,195
2017/3/17,199
2017/3/18,163
2017/3/19,147
2017/3/20,135
2017/3/21,192
2017/3/22,179
2017/3/23,142
2017/3/24,174
2017/3/25,136
2017/3/26,134
2017/3/27,165
2017/3/28,162
2017/3/29,176
2017/3/30,161
2017/3/31,166
2017/4/1,161
2017/4/2,168
2017/4/3,174
2017/4/4,168
2017/4/5,185
2017/4/6,157
2017/4/7,149
2017/4/8,142
2017/4/9,145
2017/4/10,144
2017/4/11,143
2017/4/12,138
2017/4/13,145
2017/4/14,166
2017/4/15,142
2017/4/16,125
2017/4/17,167
2017/4/18,161
2017/4/19,182
2017/4/20,181
2017/4/21,155
2017/4/22,133
2017/4/23,128
2017/4/24,154
2017/4/25,169
2017/4/26,155
2017/4/27,164
2017/4/28,180
2017/4/29,155
2017/4/30,145
2017/5/1,198
2017/5/2,163
2017/5/3,169
2017/5/4,181
2017/5/5,192
2017/5/6,165
2017/5/7,128
2017/5/8,136
2017/5/9,154
2017/5/10,130
2017/5/11,168
2017/5/12,164
2017/5/13,147
2017/5/14,141
2017/5/15,121
2017/5/16,148
2017/5/17,158
2017/5/18,159
2017/5/19,191
2017/5/20,163
2017/5/21,159
2017/5/22,147
2017/5/23,173
2017/5/24,149
2017/5/25,163
2017/5/26,153
2017/5/27,144
2017/5/28,158
2017/5/29,129
2017/5/30,155
2017/5/31,143
2017/6/1,159
2017/6/2,200
2017/6/3,151
2017/6/4,166
2017/6/5,147
2017/6/6,141
2017/6/7,154
2017/6/8,164
2017/6/9,183
2017/6/10,143
2017/6/11,137
2017/6/12,148
2017/6/13,161
2017/6/14,160
2017/6/15,174
2017/6/16,201
2017/6/17,172
2017/6/18,134
2017/6/19,158
2017/6/20,150
2017/6/21,158
2017/6/22,155
2017/6/23,139
2017/6/24,140
2017/6/25,165
2017/6/26,160
2017/6/27,171
2017/6/28,144
2017/6/29,146
2017/6/30,181
2017/7/1,144
2017/7/2,126
2017/7/3,189
2017/7/4,139
2017/7/5,145
2017/7/6,138
2017/7/7,170
2017/7/8,169
2017/7/9,142
2017/7/10,130
2017/7/11,158
2017/7/12,174
2017/7/13,170
2017/7/14,167
2017/7/15,146
2017/7/16,157
2017/7/17,170
2017/7/18,144
2017/7/19,142
2017/7/20,159
2017/7/21,173
2017/7/22,158
2017/7/23,147
2017/7/24,130
2017/7/25,151
2017/7/26,169
2017/7/27,165
2017/7/28,178
2017/7/29,156
2017/7/30,131
2017/7/31,170
2017/8/1,185
2017/8/2,164
2017/8/3,152
2017/8/4,141
2017/8/5,167
2017/8/6,126
2017/8/7,178
2017/8/8,167
2017/8/9,168
2017/8/10,166
2017/8/11,177
2017/8/12,163
2017/8/13,139
2017/8/14,131
2017/8/15,152
2017/8/16,158
2017/8/17,166
2017/8/18,166
2017/8/19,171
2017/8/20,131
2017/8/21,145
2017/8/22,161
2017/8/23,166
2017/8/24,151
2017/8/25,201
2017/8/26,170
2017/8/27,138
2017/8/28,163
2017/8/29,160
2017/8/30,194
2017/8/31,169
2017/9/1,181
2017/9/2,156
2017/9/3,153
2017/9/4,114
2017/9/5,180
2017/9/6,158
2017/9/7,170
2017/9/8,166
2017/9/9,160
2017/9/10,122
2017/9/11,162
2017/9/12,164
2017/9/13,163
2017/9/14,151
2017/9/15,167
2017/9/16,141
2017/9/17,130
2017/9/18,157
2017/9/19,140
2017/9/20,153
2017/9/21,146
2017/9/22,179
2017/9/23,135
2017/9/24,118
2017/9/25,148
2017/9/26,142
2017/9/27,180
2017/9/28,170
2017/9/29,204
2017/9/30,150
2017/10/1,158
2017/10/2,181
2017/10/3,166
2017/10/4,167
2017/10/5,182
2017/10/6,179
2017/10/7,193
2017/10/8,136
2017/10/9,149
2017/10/10,170
2017/10/11,168
2017/10/12,148
2017/10/13,190
2017/10/14,196
2017/10/15,154
2017/10/16,164
2017/10/17,173
2017/10/18,156
2017/10/19,167
2017/10/20,187
2017/10/21,165
2017/10/22,164
2017/10/23,191
2017/10/24,181
2017/10/25,179
2017/10/26,173
2017/10/27,201
2017/10/28,170
2017/10/29,139
2017/10/30,154
2017/10/31,184
2017/11/1,155
2017/11/2,171
2017/11/3,200
2017/11/4,202
2017/11/5,135
2017/11/6,171
2017/11/7,173
2017/11/8,177
2017/11/9,188
2017/11/10,146
2017/11/11,160
2017/11/12,131
2017/11/13,170
2017/11/14,160
2017/11/15,156
2017/11/16,172
2017/11/17,230
2017/11/18,170
2017/11/19,139
2017/11/20,145
2017/11/21,185
2017/11/22,196
2017/11/23,123
2017/11/24,124
2017/11/25,118
2017/11/26,116
2017/11/27,156
2017/11/28,141
2017/11/29,159
2017/11/30,187
2017/12/1,219
2017/12/2,179
2017/12/3,146
2017/12/4,181
2017/12/5,199
2017/12/6,147
2017/12/7,175
2017/12/8,194
2017/12/9,163
2017/12/10,147
2017/12/11,149
2017/12/12,176
2017/12/13,188
2017/12/14,165
2017/12/15,194
2017/12/16,161
2017/12/17,163
2017/12/18,170
2017/12/19,160
2017/12/20,143
2017/12/21,169
2017/12/22,180
2017/12/23,142
2017/12/24,115
2017/12/25,105
2017/12/26,118
2017/12/27,130
2017/12/28,137
2017/12/29,144
2017/12/30,140
2017/12/31,130
2018/1/1,121
2018/1/2,138
2018/1/3,120
2018/1/4,132
2018/1/5,142
2018/1/6,122
2018/1/7,107
2018/1/8,212
2018/1/9,204
2018/1/10,166
2018/1/11,170
2018/1/12,189
2018/1/13,148
2018/1/14,112
2018/1/15,118
2018/1/16,137
2018/1/17,136
2018/1/18,135
2018/1/19,166
2018/1/20,130
2018/1/21,120
2018/1/22,161
2018/1/23,161
2018/1/24,144
2018/1/25,155
2018/1/26,159
2018/1/27,176
2018/1/28,147
2018/1/29,161
2018/1/30,130
2018/1/31,173
2018/2/1,180
2018/2/2,178
2018/2/3,170
2018/2/4,146
2018/2/5,134
2018/2/6,140
2018/2/7,162
2018/2/8,173
2018/2/9,188
2018/2/10,135
2018/2/11,155
2018/2/12,160
2018/2/13,166
2018/2/14,156
2018/2/15,157
2018/2/16,217
2018/2/17,189
2018/2/18,153
2018/2/19,121
2018/2/20,167
2018/2/21,156
2018/2/22,158
2018/2/23,154
2018/2/24,146
2018/2/25,146
2018/2/26,159
2018/2/27,141
2018/2/28,170
2018/3/1,141
2018/3/2,206
2018/3/3,164
2018/3/4,137
2018/3/5,155
2018/3/6,172
2018/3/7,160
2018/3/8,157
2018/3/9,194
2018/3/10,184
2018/3/11,158
2018/3/12,140
2018/3/13,150
2018/3/14,176
2018/3/15,175
2018/3/16,154
2018/3/17,182
2018/3/18,155
2018/3/19,152
2018/3/20,137
2018/3/21,157
2018/3/22,181
2018/3/23,193
2018/3/24,140
2018/3/25,125
2018/3/26,152
2018/3/27,157
2018/3/28,154
2018/3/29,141
2018/3/30,140
2018/3/31,137
2018/4/1,107
2018/4/2,156
2018/4/3,166
2018/4/4,144
2018/4/5,159
2018/4/6,150
2018/4/7,138
2018/4/8,140
2018/4/9,166
2018/4/10,155
2018/4/11,180
2018/4/12,194
2018/4/13,188
2018/4/14,167
2018/4/15,120
2018/4/16,169
2018/4/17,151
2018/4/18,160
2018/4/19,143
2018/4/20,170
2018/4/21,157
2018/4/22,148
2018/4/23,167
2018/4/24,139
2018/4/25,163
2018/4/26,168
2018/4/27,185
2018/4/28,155
2018/4/29,145
2018/4/30,137
2018/5/1,151
2018/5/2,152
2018/5/3,154
2018/5/4,168
2018/5/5,161
2018/5/6,157
2018/5/7,145
2018/5/8,148
2018/5/9,134
2018/5/10,161
2018/5/11,174
2018/5/12,164
2018/5/13,125
2018/5/14,133
2018/5/15,155
2018/5/16,153
2018/5/17,173
2018/5/18,173
2018/5/19,144
2018/5/20,119
2018/5/21,163
2018/5/22,150
2018/5/23,134
2018/5/24,139
2018/5/25,155
2018/5/26,125
2018/5/27,127
2018/5/28,121
2018/5/29,138
2018/5/30,137
2018/5/31,147
2018/6/1,176
2018/6/2,145
2018/6/3,152
2018/6/4,162
2018/6/5,155
2018/6/6,181
2018/6/7,166
2018/6/8,179
2018/6/9,168
2018/6/10,137
2018/6/11,161
2018/6/12,166
2018/6/13,169
2018/6/14,148
2018/6/15,165
2018/6/16,142
2018/6/17,114
2018/6/18,157
2018/6/19,143
2018/6/20,156
2018/6/21,124
2018/6/22,158
2018/6/23,147
2018/6/24,139
2018/6/25,152
2018/6/26,173
2018/6/27,140
2018/6/28,157
2018/6/29,168
2018/6/30,149
2018/7/1,143
2018/7/2,171
2018/7/3,155
2018/7/4,131
2018/7/5,178
2018/7/6,169
2018/7/7,143
2018/7/8,122
2018/7/9,170
2018/7/10,165
2018/7/11,159
2018/7/12,173
2018/7/13,185
2018/7/14,164
2018/7/15,166
2018/7/16,165
2018/7/17,168
2018/7/18,153
2018/7/19,157
2018/7/20,175
2018/7/21,155
2018/7/22,142
2018/7/23,161
2018/7/24,155
2018/7/25,157
2018/7/26,165
2018/7/27,165
2018/7/28,171
2018/7/29,138
2018/7/30,140
2018/7/31,156
2018/8/1,157
2018/8/2,163
2018/8/3,147
2018/8/4,168
2018/8/5,147
2018/8/6,180
2018/8/7,150
2018/8/8,160
2018/8/9,158
2018/8/10,151
2018/8/11,156
2018/8/12,145
2018/8/13,169
2018/8/14,175
2018/8/15,174
2018/8/16,177
2018/8/17,185
2018/8/18,176
2018/8/19,143
2018/8/20,153
2018/8/21,166
2018/8/22,144
2018/8/23,192
2018/8/24,169
2018/8/25,158
2018/8/26,144
2018/8/27,138
2018/8/28,163
2018/8/29,157
2018/8/30,180
2018/8/31,160
2018/9/1,167
2018/9/2,155
2018/9/3,115
2018/9/4,146
2018/9/5,157
2018/9/6,162
2018/9/7,175
2018/9/8,159
2018/9/9,149
2018/9/10,143
2018/9/11,164
2018/9/12,164
2018/9/13,180
2018/9/14,182
2018/9/15,150
2018/9/16,160
2018/9/17,157
2018/9/18,174
2018/9/19,140
2018/9/20,151
2018/9/21,201
2018/9/22,143
2018/9/23,133
2018/9/24,139
2018/9/25,149
2018/9/26,160
2018/9/27,159
2018/9/28,163
2018/9/29,152
2018/9/30,155
2018/10/1,188
2018/10/2,157
2018/10/3,151
2018/10/4,185
2018/10/5,181
2018/10/6,125
2018/10/7,144
2018/10/8,151
2018/10/9,190
2018/10/10,187
2018/10/11,173
2018/10/12,216
2018/10/13,150
2018/10/14,154
2018/10/15,161
2018/10/16,171
2018/10/17,158
2018/10/18,170
2018/10/19,185
2018/10/20,155
2018/10/21,133
2018/10/22,179
2018/10/23,149
2018/10/24,177
2018/10/25,184
2018/10/26,169
2018/10/27,153
2018/10/28,179
2018/10/29,170
2018/10/30,160
2018/10/31,196
2018/11/1,194
2018/11/2,198
2018/11/3,170
2018/11/4,137
2018/11/5,158
2018/11/6,158
2018/11/7,160
2018/11/8,152
2018/11/9,198
2018/11/10,160
2018/11/11,138
2018/11/12,128
2018/11/13,168
2018/11/14,177
2018/11/15,156
2018/11/16,152
2018/11/17,135
2018/11/18,144
2018/11/19,143
2018/11/20,171
2018/11/21,177
2018/11/22,135
2018/11/23,115
2018/11/24,141
2018/11/25,136
2018/11/26,169
2018/11/27,141
2018/11/28,170
2018/11/29,196
2018/11/30,202
2018/12/1,161
2018/12/2,147
2018/12/3,156
2018/12/4,175
2018/12/5,161
2018/12/6,165
2018/12/7,207
2018/12/8,145
2018/12/9,137
2018/12/10,151
2018/12/11,172
2018/12/12,179
2018/12/13,172
2018/12/14,171
2018/12/15,166
2018/12/16,147
2018/12/17,164
2018/12/18,135
2018/12/19,149
2018/12/20,147
2018/12/21,161
2018/12/22,151
2018/12/23,113
2018/12/24,121
2018/12/25,83
2018/12/26,130
2018/12/27,126
2018/12/28,138
2018/12/29,119
2018/12/30,128
2018/12/31,131
2019/1/1,125
2019/1/2,119
2019/1/3,149
2019/1/4,139
2019/1/5,132
2019/1/6,113
2019/1/7,131
2019/1/8,144
2019/1/9,153
2019/1/10,158
2019/1/11,191
2019/1/12,142
2019/1/13,119
2019/1/14,150
2019/1/15,173
2019/1/16,175
2019/1/17,169
2019/1/18,170
2019/1/19,144
2019/1/20,119
2019/1/21,128
2019/1/22,110
2019/1/23,161
2019/1/24,156
2019/1/25,179
2019/1/26,139
2019/1/27,124
2019/1/28,121
2019/1/29,157
2019/1/30,146
2019/1/31,172
2019/2/1,157
2019/2/2,183
2019/2/3,157
2019/2/4,151
2019/2/5,171
2019/2/6,122
2019/2/7,166
2019/2/8,167
2019/2/9,167
2019/2/10,128
2019/2/11,162
2019/2/12,143
2019/2/13,184
2019/2/14,168
2019/2/15,186
2019/2/16,139
2019/2/17,134
2019/2/18,139
2019/2/19,147
2019/2/20,143
2019/2/21,165
2019/2/22,198
2019/2/23,155
2019/2/24,143
2019/2/25,134
2019/2/26,154
2019/2/27,152
2019/2/28,191
2019/3/1,178
2019/3/2,142
2019/3/3,133
2019/3/4,139
2019/3/5,150
2019/3/6,184
2019/3/7,161
2019/3/8,163
2019/3/9,155
2019/3/10,131
2019/3/11,133
2019/3/12,161
2019/3/13,186
2019/3/14,170
2019/3/15,183
2019/3/16,174
2019/3/17,151
2019/3/18,187
2019/3/19,160
2019/3/20,152
2019/3/21,175
2019/3/22,197
2019/3/23,119
2019/3/24,134
2019/3/25,136
2019/3/26,168
2019/3/27,137
2019/3/28,178
2019/3/29,199
2019/3/30,155
2019/3/31,134
2019/4/1,156
2019/4/2,163
2019/4/3,157
2019/4/4,157
2019/4/5,169
2019/4/6,166
2019/4/7,143
2019/4/8,147
2019/4/9,148
2019/4/10,187
2019/4/11,150
2019/4/12,177
2019/4/13,154
2019/4/14,116
2019/4/15,127
2019/4/16,124
2019/4/17,169
2019/4/18,185
2019/4/19,151
2019/4/20,128
2019/4/21,131
2019/4/22,179
2019/4/23,143
2019/4/24,142
2019/4/25,164
2019/4/26,160
2019/4/27,127
2019/4/28,115
2019/4/29,152
2019/4/30,136
2019/5/1,171
2019/5/2,160
2019/5/3,176
2019/5/4,128
2019/5/5,152
2019/5/6,153
2019/5/7,124
2019/5/8,151
2019/5/9,146
2019/5/10,184
2019/5/11,148
2019/5/12,125
2019/5/13,158
2019/5/14,137
2019/5/15,154
2019/5/16,164
2019/5/17,162
2019/5/18,173
2019/5/19,130
2019/5/20,137
2019/5/21,155
2019/5/22,172
2019/5/23,144
2019/5/24,185
2019/5/25,126
2019/5/26,111
2019/5/27,112
2019/5/28,147
2019/5/29,152
2019/5/30,167
2019/5/31,163
2019/6/1,142
2019/6/2,154
2019/6/3,135
2019/6/4,152
2019/6/5,183
2019/6/6,163
2019/6/7,153
2019/6/8,165
2019/6/9,123
2019/6/10,161
2019/6/11,153
2019/6/12,154
2019/6/13,149
2019/6/14,172
2019/6/15,159
2019/6/16,137
2019/6/17,132
2019/6/18,130
2019/6/19,140
2019/6/20,140
2019/6/21,147
2019/6/22,155
2019/6/23,142
2019/6/24,146
2019/6/25,116
2019/6/26,147
2019/6/27,179
2019/6/28,157
2019/6/29,166
2019/6/30,132
2019/7/1,155
2019/7/2,146
2019/7/3,185
2019/7/4,123
2019/7/5,157
2019/7/6,142
2019/7/7,134
2019/7/8,151
2019/7/9,151
2019/7/10,157
2019/7/11,154
2019/7/12,165
2019/7/13,158
2019/7/14,133
2019/7/15,157
2019/7/16,177
2019/7/17,128
2019/7/18,170
2019/7/19,174
2019/7/20,172
2019/7/21,142
2019/7/22,149
2019/7/23,175
2019/7/24,157
2019/7/25,168
2019/7/26,199
2019/7/27,158
2019/7/28,156
2019/7/29,162
2019/7/30,145
2019/7/31,157
2019/8/1,127
2019/8/2,177
2019/8/3,150
2019/8/4,129
2019/8/5,133
2019/8/6,150
2019/8/7,164
2019/8/8,150
2019/8/9,167
2019/8/10,147
2019/8/11,151
2019/8/12,150
2019/8/13,151
2019/8/14,156
2019/8/15,161
2019/8/16,175
2019/8/17,146
2019/8/18,131
2019/8/19,156
2019/8/20,182
2019/8/21,149
2019/8/22,172
2019/8/23,177
2019/8/24,172
2019/8/25,152
2019/8/26,177
2019/8/27,182
2019/8/28,163
2019/8/29,192
2019/8/30,171
2019/8/31,180
2019/9/1,168
2019/9/2,130
2019/9/3,182
2019/9/4,179
2019/9/5,170
2019/9/6,197
2019/9/7,178
2019/9/8,136
2019/9/9,168
2019/9/10,159
2019/9/11,172
2019/9/12,178
2019/9/13,189
2019/9/14,166
2019/9/15,142
2019/9/16,159
2019/9/17,177
2019/9/18,146
2019/9/19,149
2019/9/20,194
2019/9/21,177
2019/9/22,166
2019/9/23,132
2019/9/24,182
2019/9/25,144
2019/9/26,165
2019/9/27,169
2019/9/28,143
2019/9/29,148
2019/9/30,135
2019/10/1,151
2019/10/2,177
2019/10/3,182
2019/10/4,183
2019/10/5,161
2019/10/6,176
2019/10/7,148
2019/10/8,168
2019/10/9,136
2019/10/10,151
2019/10/11,170
2019/10/12,146
2019/10/13,150
2019/10/14,160
2019/10/15,184
2019/10/16,174
2019/10/17,155
2019/10/18,182
2019/10/19,145
2019/10/20,134
2019/10/21,173
2019/10/22,162
2019/10/23,163
2019/10/24,191
2019/10/25,173
2019/10/26,176
2019/10/27,139
2019/10/28,140
2019/10/29,172
2019/10/30,138
2019/10/31,170
2019/11/1,188
2019/11/2,139
2019/11/3,134
2019/11/4,170
2019/11/5,168
2019/11/6,168
2019/11/7,168
2019/11/8,195
2019/11/9,154
2019/11/10,119
2019/11/11,128
2019/11/12,151
2019/11/13,161
2019/11/14,147
2019/11/15,160
2019/11/16,140
2019/11/17,146
2019/11/18,148
2019/11/19,124
2019/11/20,139
2019/11/21,149
2019/11/22,164
2019/11/23,124
2019/11/24,108
2019/11/25,103
2019/11/26,95
2019/11/27,93
2019/11/28,49
2019/11/29,43
2019/11/30,11
