date,temperature,pressure,humidity,windDirection,windVelocity,yunliang,weather,mintem,maxtem,visibility,dptemperature,dayofmonth,dayofweek,dayofyear,mofyear,jiofyear,knowledge,accidentsnum
2017/1/1,10.025,756.425,79.5,12,3,0.475,0.1,6.1,13.175,15,6.525,1,7,1,1,1,0,134
2017/1/2,12.5,760.125,82.75,4,3,0.7,0.1,9.125,17.65,13.5,9.6,2,1,2,1,1,1,104
2017/1/3,14.175,763.775,52.75,12,3.5,0,0.1,8.175,18.6,16,4.3,3,2,3,1,1,1,125
2017/1/4,16.1,756.875,58.25,3,2.75,0.075,0.1,11.425,20,16,7.375,4,3,4,1,1,1,138
2017/1/5,18.75,755.975,68.5,8,3.75,0.15,0.1,12.925,24.3,16,12.25,5,4,5,1,1,1,150
2017/1/6,18.05,754.45,79.25,6,4,0.6,0.1,16.55,20.16666667,15,14.275,6,5,6,1,1,0,148
2017/1/7,18.575,754.85,83.25,8,4,0.95,0.1,16.375,20.95,11.5,15.7,7,6,7,1,1,1,122
2017/1/8,22.925,754.625,75.75,3,3,0.725,0.1,19.6,25.55,15,18.325,8,7,8,1,1,0,119
2017/1/9,26.075,751.75,71.25,16,3.75,0.4,0.1,22.8,32.2,16,20.325,9,1,9,1,1,1,152
2017/1/10,20,752.7,77.5,0,3.25,0.675,0.1,17.8,22.775,16,15.85,10,2,10,1,1,0,142
2017/1/11,18.625,756.425,73.5,0,3.25,0.675,0.1,17.65,20.15,15,13.75,11,3,11,1,1,1,162
2017/1/12,16.525,757.575,79.75,13,2,0.35,0.1,11.975,20,15.5,12.775,12,4,12,1,1,1,150
2017/1/13,12.35,758.25,83.25,0,2.25,0.575,0.1,8.75,14.3,14,9.45,13,5,13,1,1,0,197
2017/1/14,14.275,757.9,74.25,12,1.25,0.275,0.1,9.125,17.65,15,9.175,14,6,14,1,1,0,143
2017/1/15,14.15,758.95,83.25,0,4.25,0.9,0.1,11.375,17.075,13.5,11.25,15,7,15,1,1,1,93
2017/1/16,13.9,759.4,81.75,3,2.75,0.325,0.1,11.8,15.975,15,10.725,16,1,16,1,1,1,129
2017/1/17,13.325,760.475,76,15,4,0.225,0.1,8.625,16.1,16,8.9,17,2,17,1,1,1,149
2017/1/18,12.35,761.35,80.5,8,3.75,0.775,0.1,9.275,15.125,13.75,9.025,18,3,18,1,1,1,171
2017/1/19,13.875,756.125,85.75,6,6.75,0.825,0.1,11.7,15.275,11.25,11.4,19,4,19,1,1,0,145
2017/1/20,12.5,748.125,81.75,16,7.75,0.95,0.1,11.4,14.425,12.5,9.3,20,5,20,1,1,1,177
2017/1/21,13.05,755.9,66,12,5.25,0.475,0.1,10.03333333,14.45,16,6.8,21,6,21,1,1,1,142
2017/1/22,11.525,757.675,93.5,3,6.25,1,0.1,10.55,13.325,10.2,10.525,22,7,22,1,1,0,120
2017/1/23,11.675,754.85,71,4,7.25,0.4,0.1,10.36666667,13.75,15,6.525,23,1,23,1,1,0,163
2017/1/24,9.575,758.9,73.25,0,3,0.6,0.1,4.85,12.225,15.5,4.85,24,2,24,1,1,0,164
2017/1/25,10.15,764.65,67.75,9,3,0.225,0.1,5.6,12.76666667,16,4.175,25,3,25,1,1,0,153
2017/1/26,11.4,765.7,55.25,0,3.75,0.35,0.1,5.6,14.875,16,2.1,26,4,26,1,1,0,145
2017/1/27,11.525,768.875,47.5,0,2,0.225,0.1,6.7,15.7,16,-0.425,27,5,27,1,1,0,187
2017/1/28,13.75,767.725,41.5,0,0.75,0.075,0.1,6.275,18.05,15.5,-0.175,28,6,28,1,1,0,166
2017/1/29,16.8,763.9,29.25,0,1,0,0.1,8.175,21.5,16,-1.825,29,7,29,1,1,0,122
2017/1/30,17.375,761.225,37,0,2.25,0.4,0.1,11.425,22.775,16,1.525,30,1,30,1,1,0,145
2017/1/31,15.025,760.275,60.5,0,2.75,0.325,0.1,10.15,20.425,16,7.075,31,2,31,1,1,0,160
2017/2/1,11.95,760.2,74.75,11,2.25,0.725,0.1,10.15,13.175,15.5,7.5,1,3,32,2,1,1,141
2017/2/2,14.175,760.775,76.5,0,2.5,0.775,0.1,10.73333333,17.1,14.5,10,2,4,33,2,1,0,146
2017/2/3,17.775,761.3,35.5,8,1.75,0.275,0.1,10.025,22.625,16,0.275,3,5,34,2,1,1,181
2017/2/4,15.7,757.4,75.75,0,2.5,0.4,0.1,12.525,19.725,15.5,11.1,4,6,35,2,1,0,148
2017/2/5,18.775,755.35,75.25,0,2.75,0.4,0.1,15,23.3,14.75,14,5,7,36,2,1,0,124
2017/2/6,18.075,754.475,82.75,1,3.75,0.65,0.1,15.275,20.425,12.5,15,6,1,37,2,1,0,144
2017/2/7,19.725,757.25,76.5,8,3.25,0.525,0.1,17.8,22.56666667,14.75,15.425,7,2,38,2,1,0,165
2017/2/8,24.875,755.325,75.75,3,2.5,0.8,0.1,21.7,28.475,15,20,8,3,39,2,1,0,165
2017/2/9,26.95,752.775,63.75,8,3.75,0.65,0.1,22.8,31.8,16,19.325,9,4,40,2,1,0,157
2017/2/10,19.85,752.25,75.5,3,3.75,0.425,0.1,16.925,22.925,15.5,15.125,10,5,41,2,1,0,189
2017/2/11,17.9,759.075,69.25,3,3.25,0.825,0.1,17.03333333,19.06666667,15,12.1,11,6,42,2,1,0,143
2017/2/12,16.88,757.28,75.4,12,2.8,0.7,0.1,11.98,20.46,16,11.9,12,7,43,2,1,0,143
2017/2/13,15.825,758.45,66.75,3,2,0.45,0.1,10.45,20.7,15.5,8.775,13,1,44,2,1,0,135
2017/2/14,14.725,759.325,91.75,8,3,0.725,0.1,12.2,18.75,12.25,13.325,14,2,45,2,1,0,159
2017/2/15,13.775,759.725,93,0,3.5,0.575,0.1,11.1,18.475,9.05,12.625,15,3,46,2,1,1,185
2017/2/16,15,757.2,87.25,6,1.75,0.7,0.1,12.2,16.5,10.275,12.775,16,4,47,2,1,1,131
2017/2/17,13.725,748.1,91,12,6.25,1,0.1,13.35,15.55,10.55,12.225,17,5,48,2,1,0,188
2017/2/18,12.35,747.675,93.5,0,3.75,0.825,0.1,11.1,14.15,9.9,11.25,18,6,49,2,1,0,140
2017/2/19,12.9,757.2,84.25,0,2,0.9,0.2,10.2,14.425,15.5,10.15,19,7,50,2,1,0,145
2017/2/20,13.475,764.4,93.5,0,2.25,1,0.1,11.7,15,8.75,12.375,20,1,51,2,1,0,124
2017/2/21,15.25,764.75,91,3,2.5,0.9,0.1,13.725,16.675,14.75,13.725,21,2,52,2,1,0,132
2017/2/22,14.34,759.84,68.6,9,6.8,0.32,0.1,11.98,16.1,16,8.2,22,3,53,2,1,0,155
2017/2/23,11.975,759.55,36.75,8,6,0.15,0.1,10.175,14.725,16,-2.775,23,4,54,2,1,0,174
2017/2/24,11.5,761.675,46.5,3,4,0.125,0.1,6.7,14.725,16,0,24,5,55,2,1,0,164
2017/2/25,11.125,759.65,67.75,9,2.25,0.45,0.6,6.833333333,14.575,16,5.275,25,6,56,2,1,1,168
2017/2/26,11,757.5,72.4,8,3.2,0.92,0.1,9.78,13.35,16,6.2,26,7,57,2,1,0,143
2017/2/27,12.32,754.44,74,9,3.4,0.82,0.1,9.266666667,13.44,16,7.76,27,1,58,2,1,1,149
2017/2/28,13.45,760.05,55.75,2,3.5,0.275,0.1,9.825,15.55,16,4.3,28,2,59,2,1,0,174
2017/3/1,12.6,761.975,73.75,0,1.75,0.85,0.2,9.233333333,14.15,16,7.8,1,3,60,3,1,1,168
2017/3/2,14.175,759.975,96.25,3,2,0.95,0.1,13.2,16.25,6.8,13.6,2,4,61,3,1,1,153
2017/3/3,18,757.48,34.4,12,4,0.3,0.1,12.375,23.88,16,1.12,3,5,62,3,1,0,197
2017/3/4,15.4,755.975,75.25,6,3.25,0.775,0.1,13.45,17.03333333,14.5,10.975,4,6,63,3,1,0,157
2017/3/5,18.36,756.5,82.4,8,3.6,0.54,0.2,15.7,22.32,15,15.12,5,7,64,3,1,0,132
2017/3/6,17.775,755.05,88,8,3.75,0.95,0.1,16.1,20.3,10,15.725,6,1,65,3,1,1,163
2017/3/7,19.725,757.825,79.75,3,4.25,0.45,0.1,17.2,23.175,13.75,16,7,2,66,3,1,1,151
2017/3/8,24.85,756.475,74.5,1,3.25,0.6,0.1,22.35,28.2,16,19.85,8,3,67,3,1,0,169
2017/3/9,28.725,755.8,62.5,0,3,0.725,0.1,25.73333333,33.7,16,20.275,9,4,68,3,1,0,177
2017/3/10,19.6,754.45,77.25,5,2.75,0.55,0.1,16.975,22.25,15,15.425,10,5,69,3,1,0,169
2017/3/11,17.9,759.525,70,12,3.5,0.85,0.1,15.15,20,15.5,12.225,11,6,70,3,1,0,146
2017/3/12,15.275,757.775,86.5,0,2.25,0.45,0.2,11.825,18.9,12.5,12.9,12,7,71,3,1,0,173
2017/3/13,14.975,758.2,88.5,8,2.75,0.45,0.1,12.2,18.6,3.8,12.9,13,1,72,3,1,1,155
2017/3/14,14.55,759.25,89.5,8,4,0.65,0.1,11.275,18.575,8.525,12.7,14,2,73,3,1,0,164
2017/3/15,16.55,759.65,80,8,2.75,0.4,0.1,12.65,19.85,10.275,12.775,15,3,74,3,1,0,179
2017/3/16,16.375,759.625,82.5,3,3,0.3,0.2,12.35,19.85,10.5,13.175,16,4,75,3,1,1,195
2017/3/17,14.575,758.6,91.25,3,3.25,0.6,0.1,12.5,17.925,2.65,13.1,17,5,76,3,1,0,199
2017/3/18,15.7,759.65,82.75,8,3.5,0.775,0.1,12.775,18.3,10,12.65,18,6,77,3,1,1,163
2017/3/19,14.725,759.85,86.5,8,4,0.875,0.1,13.175,17.775,10,12.375,19,7,78,3,1,1,147
2017/3/20,15.575,760.125,75.5,4,4,0.85,0.1,13.9,17.925,14.25,11.125,20,1,79,3,1,1,135
2017/3/21,15.25,759.875,88.25,3,2.5,0.9,0.1,13.575,17.5,13.5,13.175,21,2,80,3,1,1,192
2017/3/22,15.56,757.94,86,3,5.2,0.68,0.1,14.1,17.4,13,13.1,22,3,81,3,1,1,179
2017/3/23,15.275,760.725,63.75,3,5.25,0.225,0.1,12.2,17.75,16,8.075,23,4,82,3,1,0,142
2017/3/24,15.02,762.78,76.8,1,5.8,0.5,0.1,10,18.05,15,10.78,24,5,83,3,1,0,174
2017/3/25,15.66,759.84,80,3,5.2,0.48,0.1,13.1,18.12,16,12.1,25,6,84,3,1,1,136
2017/3/26,15.675,758.875,78.75,5,3.75,0.575,0.1,13.025,18.325,15,11.8,26,7,85,3,1,1,134
2017/3/27,16.65,757.775,62.75,0,4.75,0.275,0.1,11.7,19.23333333,16,8.625,27,1,86,3,1,1,165
2017/3/28,18.225,757.55,48.5,14,2.25,0.15,0.1,13.475,20.85,16,6.95,28,2,87,3,1,0,162
2017/3/29,18.9,758.075,63,8,3.25,0.15,0.1,12.65,22.925,16,10.975,29,3,88,3,1,1,176
2017/3/30,16.925,754.525,62.5,2,5.5,0.275,0.1,13.175,20.55,13.75,8.475,30,4,89,3,1,1,161
2017/3/31,16.8,753.4,43,12,4.25,0,0.1,12.625,21.1,16,2.625,31,5,90,3,1,0,166
2017/4/1,12.625,760.775,83.25,8,2.5,0.95,0.1,9.8,15.275,12.5,9.725,1,6,91,4,2,0,161
2017/4/2,14.15,760.4,90.75,15,4,0.775,0.1,13.025,15.55,13,12.625,2,7,92,4,2,1,168
2017/4/3,14.45,758.15,74.5,3,2.5,0.8,0.1,10.825,19.575,16,9.85,3,1,93,4,2,1,174
2017/4/4,15.95,758,76,3,3.5,0.575,0.1,14.025,18.325,15,11.55,4,2,94,4,2,0,168
2017/4/5,16.825,756.35,84.75,3,5,0.65,0.1,15.45,20,13,14.15,5,3,95,4,2,0,185
2017/4/6,17.1,754.8,88.5,8,3,0.95,0.1,16.25,19.175,9.5,15.15,6,4,96,4,2,1,157
2017/4/7,19.6,756.675,83.25,8,4.75,0.425,0.1,16.7,22.65,14.5,16.525,7,5,97,4,2,0,149
2017/4/8,23.075,756.3,80.5,8,3.75,0.725,0.1,21.425,26.125,15.5,19.45,8,6,98,4,2,1,142
2017/4/9,24.025,756.125,79.25,14,3,0.775,0.1,22.65,25.56666667,15.5,20.125,9,7,99,4,2,0,145
2017/4/10,19.45,756.55,72,3,4.5,0.075,0.1,16.1,22.225,16,14.15,10,1,100,4,2,1,144
2017/4/11,18.175,757.925,75.75,13,5,0.4,0.1,15.175,20.275,16,13.725,11,2,101,4,2,1,143
2017/4/12,17.075,757.1,44.75,0,3.25,0.4,0.1,12.925,20.425,13.75,-0.7,12,3,102,4,2,1,138
2017/4/13,15.7,758.325,73.75,8,3.75,0.4,0.1,12.2,19.175,15,10.85,13,4,103,4,2,1,145
2017/4/14,15.425,757.175,64.5,0,3.25,0.075,0.1,10.975,19.325,16,8.05,14,5,104,4,2,0,166
2017/4/15,16.525,756.8,65,8,2.75,0.225,0.1,10.45,19.975,16,9.425,15,6,105,4,2,0,142
2017/4/16,15.7,758.2,72.25,0,4.5,0.45,0.1,12.075,19.85,16,10.425,16,7,106,4,2,1,125
2017/4/17,16.8,759.525,75,8,3.25,0.65,0.1,11.825,20.7,12.1,11.525,17,1,107,4,2,0,167
2017/4/18,16.32,760.12,90.6,16,3.6,0.62,0.1,13.9,20.85,10.55,14.68,18,2,108,4,2,0,161
2017/4/19,17.1,760.175,79.25,0,4,0.45,0.1,15,20.55,13.5,13.325,19,3,109,4,2,1,182
2017/4/20,18.75,758.55,59,0,4.25,0.075,0.1,13.13333333,21.525,14.5,9.575,20,4,110,4,2,0,181
2017/4/21,21.4,755.05,52,3,3.25,0,0.1,13.75,25.55,16,9.6,21,5,111,4,2,0,155
2017/4/22,20.275,754.25,61.75,3,3.5,0.275,0.1,15.6,25.825,15.5,12.075,22,6,112,4,2,0,133
2017/4/23,18.2,754.15,67.25,8,4.25,0.3,0.1,14.4,22.9,16,11.675,23,7,113,4,2,0,128
2017/4/24,16.95,755.125,72.25,9,3.75,0.8,0.1,14.4,20.4,14.75,11.8,24,1,114,4,2,0,154
2017/4/25,20.275,754.6,41.25,14,5.75,0.675,0.1,15.4,21.65,16,5.85,25,2,115,4,2,0,169
2017/4/26,17.2,754.525,75.75,9,5.5,0.725,0.1,14.275,22.075,15.5,12.65,26,3,116,4,2,1,155
2017/4/27,19.975,752.225,57.5,9,5.25,0.575,0.1,13.45,21.925,15.5,12.6,27,4,117,4,2,0,164
2017/4/28,21.95,752.025,29.5,3,8.25,0.325,0.1,18.05,26.125,16,2.4,28,5,118,4,2,0,180
2017/4/29,20.15,757.65,30.25,3,3.75,0,0.1,17.375,25.85,16,-0.7,29,6,119,4,2,0,155
2017/4/30,19.275,758.5,47.75,1,3.25,0.075,0.1,13.075,26.7,16,5.775,30,7,120,4,2,0,145
2017/5/1,13.875,757.45,92.75,14,4.5,0.7,0.1,12.2,15.7,9.4,12.625,1,1,121,5,2,1,198
2017/5/2,13.6,758.525,86,3,1.75,1,0.1,12.8,14.85,16,11.275,2,2,122,5,2,0,163
2017/5/3,13.54,758.12,66.6,3,5.8,0.56,0.1,12.46,15.15,16,7.24,3,3,123,5,2,0,169
2017/5/4,18.2,758.4,72,0,3.25,0.35,0.1,13.175,22.05,14,12.2,4,4,124,5,2,0,181
2017/5/5,15.575,754.6,85.25,8,2.5,0.95,0.1,14.025,17.775,11.45,13.05,5,5,125,5,2,0,192
2017/5/6,17.775,754.75,83.25,8,3.5,0.875,0.1,15.975,19.85,11.2,14.85,6,6,126,5,2,0,165
2017/5/7,20.275,756.875,80.5,8,3.75,0.35,0.1,17.2,23.475,15,16.675,7,7,127,5,2,0,128
2017/5/8,22.525,755.75,80.75,3,3.5,0.65,0.1,20.15,25.3,16,18.9,8,1,128,5,2,0,136
2017/5/9,23.05,756.425,82.5,1,5.25,0.475,0.1,21.1,25.125,15,19.85,9,2,129,5,2,0,154
2017/5/10,20.55,754.9,62.25,0,2.75,0,0.1,14.85,24.025,16,12.375,10,3,130,5,2,0,130
2017/5/11,17.625,759.475,78.75,12,2.5,0.65,0.1,16.1,19.725,16,13.75,11,4,131,5,2,0,168
2017/5/12,17.725,760.375,11.5,8,3.5,0.275,0.1,10.875,21.7,16,-13.2,12,5,132,5,2,0,164
2017/5/13,16.95,754.575,63.75,7,4.5,0.075,0.1,13.3,20.25,16,9.45,13,6,133,5,2,0,147
2017/5/14,15.95,754.65,72.25,3,4.5,0.4,0.1,11.7,20.275,16,10.7,14,7,134,5,2,0,141
2017/5/15,15,755.85,67.75,0,5.75,0.55,0.1,13.175,18.475,15,8.875,15,1,135,5,2,0,121
2017/5/16,15.4,758.075,68.25,8,2.75,0.4,0.1,12.65,17.9,15,9.45,16,2,136,5,2,0,148
2017/5/17,16.2,755.9428571,72.28571429,3,4.142857143,0.642857143,0.1,13.3,18.25,16,11.04285714,17,3,137,5,2,0,158
2017/5/18,17.35,755.1,72.5,3,4.5,0.275,0.1,12.925,19.725,15,12.225,18,4,138,5,2,0,159
2017/5/19,20.85,755.4,57,3,4,0,0.1,15.3,24.05,16,11.4,19,5,139,5,2,0,191
2017/5/20,22.5,754.15,47.75,8,3,0,0.1,16.7,28.2,16,9.15,20,6,140,5,2,0,163
2017/5/21,19.05,755.5,76.25,0,2.75,0.15,0.1,16.55,24.175,16,14.6,21,7,141,5,2,0,159
2017/5/22,16.9,756.34,86,8,2.4,0.52,0.1,15,20.825,11.05,14.42,22,1,142,5,2,0,147
2017/5/23,16.675,756.1,84,8,4.75,0.6,0.1,14.85,21.275,12.1,13.85,23,2,143,5,2,0,173
2017/5/24,16.1,754.15,81.25,8,3.25,0.9,0.1,14.4,19.15,12.75,12.775,24,3,144,5,2,0,149
2017/5/25,16.525,754.775,70.5,8,4,0.825,0.1,14.55,18.6,16,10.975,25,4,145,5,2,0,163
2017/5/26,17.225,757.325,73,3,4,0.7,0.1,15.975,19.45,15.5,12.225,26,5,146,5,2,0,153
2017/5/27,17.2,758.725,70.25,3,5,0.45,0.1,14.55,19.725,16,11.525,27,6,147,5,2,0,144
2017/5/28,17.225,757.55,81,0,4,0.35,0.1,14.4,19.85,16,13.75,28,7,148,5,2,0,158
2017/5/29,16.4,755.75,84.25,8,2.5,0.825,0.1,15.3,18.9,13.75,13.6,29,1,149,5,2,0,129
2017/5/30,16.8,755.4,83.25,8,3.25,1,0.1,15.56666667,18.6,13.25,13.9,30,2,150,5,2,0,155
2017/5/31,16.8,754.325,84.5,13,3,1,0.1,15.76666667,17.8,12.5,14.15,31,3,151,5,2,0,143
2017/6/1,13.875,759.525,83.25,12,2.5,0.65,0.1,10.45,16.525,16,11,1,4,152,6,2,0,159
2017/6/2,13.6,759.25,97.25,0,4.25,0.95,0.1,12.075,14.875,8.35,13.175,2,5,153,6,2,0,200
2017/6/3,13.05,762.075,41.5,8,4,0.15,0.1,8.9,15.85,16,-0.15,3,6,154,6,2,0,151
2017/6/4,15.675,757.9,85.75,8,4,0.6,0.1,13.75,20.25,13.5,13.175,4,7,155,6,2,0,166
2017/6/5,15.15,752.65,73.25,3,6.75,0.95,0.1,14.45,17.76666667,14,10.125,5,1,156,6,2,0,147
2017/6/6,17.35,756,87,3,3.75,1,0.1,16.7,19.45,10.5,15.15,6,2,157,6,2,0,141
2017/6/7,21.35,756.675,77.5,8,3.25,0.3,0.1,17.8,24.125,16,17.075,7,3,158,6,2,0,154
2017/6/8,22.35,755.3,79.25,15,3.25,0.475,0.1,20.45,24.875,16,18.475,8,4,159,6,2,0,164
2017/6/9,21.4,756.375,84,0,4,0.35,0.1,20.45,23.775,14,18.475,9,5,160,6,2,0,183
2017/6/10,22.25,754.925,57,3,2.5,0,0.1,15,26.825,15,11.925,10,6,161,6,2,0,143
2017/6/11,18.43333333,759.5,69.33333333,0,3.833333333,0.6,0.1,15,20.11666667,15.5,12.58333333,11,7,162,6,2,0,137
2017/6/12,16.1,761.5,23.2,14,1.6,0.3,0.1,8.025,22.32,15.2,-5.74,12,1,163,6,2,0,148
2017/6/13,18.75,755.625,69.75,8,4,0,0.1,13.9,21.825,16,12.775,13,2,164,6,2,0,161
2017/6/14,20,754.75,73.25,0,3,0,0.1,15.975,23.025,16,14.875,14,3,165,6,2,0,160
2017/6/15,20.975,755.2,72.25,3,3.5,0.075,0.1,16.55,24.175,16,15.55,15,4,166,6,2,0,174
2017/6/16,20.7,754.7,78.25,1,3.75,0.3,0.1,17.525,24.725,15,16.525,16,5,167,6,2,0,201
2017/6/17,19.325,754.3,83.75,3,4,0.45,0.1,16.95,23.625,12.5,16.25,17,6,168,6,2,0,172
2017/6/18,19.575,752.95,84.25,3,3.5,0.475,0.4,16.25,23.05,10.65,16.7,18,7,169,6,2,0,134
2017/6/19,18.35,753.675,89.5,3,3.75,0.525,0.1,16.25,21.65,5.7,16.55,19,1,170,6,2,0,158
2017/6/20,18.9,753.575,87.25,3,4,0.45,0.1,16.1,21.925,10.85,16.55,20,2,171,6,2,0,150
2017/6/21,19.3,751.675,84,8,4.25,0.475,0.1,16.7,21.8,11,16.4,21,3,172,6,2,0,158
2017/6/22,19.175,753.3,82.75,3,2.75,0.825,0.2,17.35,21.825,12.25,16.1,22,4,173,6,2,0,155
2017/6/23,18.6,755.225,87,8,3.5,0.95,0.1,17.525,21.1,11.25,16.4,23,5,174,6,2,0,139
2017/6/24,18.75,754.75,84.5,3,4.25,0.575,0.1,16.25,21.125,14,15.975,24,6,175,6,2,0,140
2017/6/25,20.275,754.925,78.25,8,4,0.075,0.1,17.2,23.075,15.5,16.25,25,7,176,6,2,0,165
2017/6/26,22.725,755.225,61.5,1,3,0.075,0.1,17.925,26.675,16,14.45,26,1,177,6,2,0,160
2017/6/27,20.675,754.55,72.5,8,3,0.075,0.1,17.075,25.45,16,15.3,27,2,178,6,2,0,171
2017/6/28,19.2,754.775,79.5,2,4,0.425,0.1,16.55,22.65,16,15.45,28,3,179,6,2,0,144
2017/6/29,19.475,755.925,74.5,8,3.25,0.6,0.1,17.2,22.475,14.75,14.725,29,4,180,6,2,0,146
2017/6/30,18.6,755.1,80,13,3.25,0.825,0.1,17.525,21.675,15.5,15,30,5,181,6,2,0,181
2017/7/1,15.85,762.325,54.75,14,1.75,0.9,0.2,11.55,18.475,16,6,1,6,182,7,3,0,144
2017/7/2,15.575,761.1,98.25,8,3,1,0.1,14.8,16,6.9,15.3,2,7,183,7,3,0,126
2017/7/3,14.85,761.8,47.5,8,3.75,0.275,0.1,8.75,18.75,16,3.2,3,1,184,7,3,0,189
2017/7/4,16.1,758.75,76.5,0,3.75,0.8,0.1,13.45,18.13333333,15.5,11.825,4,2,185,7,3,0,139
2017/7/5,13.05,754.5,76.25,3,3.25,0.675,0.2,10,16.5,16,8.75,5,3,186,7,3,0,145
2017/7/6,17.5,756.6,85.75,3,4,1,0.1,16.1,19.325,9.45,15,6,4,187,7,3,0,138
2017/7/7,24.34,753.98,64.8,8,3,0.42,0.1,18.9,26.925,15.5,16.88,7,5,188,7,3,0,170
2017/7/8,21.5,755.425,81.25,6,3.75,0.35,0.1,19.4,24.15,14.75,18.025,8,6,189,7,3,1,169
2017/7/9,21.65,754.6,79,3,4.75,0.075,0.1,18.9,24.025,15.5,17.775,9,7,190,7,3,1,142
2017/7/10,22.9,752.4,54,0,2.75,0.125,0.1,16.425,29.05,15.5,11.525,10,1,191,7,3,1,130
2017/7/11,18.6,759.7,70,3,2.75,0.45,0.1,15.825,20.825,16,12.775,11,2,192,7,3,0,158
2017/7/12,19.65,765.25,18.5,3,2,0.35,0.1,9.575,24.55,16,-8.525,12,3,193,7,3,0,174
2017/7/13,20.675,757.625,81.75,3,4.25,0.725,0.1,18.3,23.325,12.5,17.375,13,4,194,7,3,1,170
2017/7/14,20.025,757.475,83.75,13,4.25,0.575,0.1,17.8,22.525,14.25,17.075,14,5,195,7,3,1,167
2017/7/15,22.175,755.8,78.25,3,3.25,0.35,0.1,18.3,24.875,15.5,18.075,15,6,196,7,3,1,146
2017/7/16,22.65,754.525,78.5,1,3.5,0.4,0.1,19.85,26.1,16,18.575,16,7,197,7,3,0,157
2017/7/17,22.375,754.7,79.25,3,3.5,0.475,0.1,20.15,25.275,15,18.45,17,1,198,7,3,0,170
2017/7/18,21.925,756.15,80.75,3,4.5,0.4,0.1,19.85,24.575,14,18.3,18,2,199,7,3,1,144
2017/7/19,21.775,756.875,82,11,4,0.575,0.1,19.4,24.875,13.75,18.45,19,3,200,7,3,0,142
2017/7/20,22.225,757,79,8,4,0.35,0.1,19.7,25.575,14.5,18.325,20,4,201,7,3,0,159
2017/7/21,21.8,755.85,78.5,8,4.25,0.35,0.1,19.025,25,14.75,17.775,21,5,202,7,3,0,173
2017/7/22,21.525,755.1,80.25,8,3.75,0.325,0.1,19.175,24.425,13.5,17.9,22,6,203,7,3,0,158
2017/7/23,21.8,754.725,81.25,3,3.75,0.525,0.1,19.55,24.575,14.75,18.325,23,7,204,7,3,0,147
2017/7/24,21.525,755.45,81,8,3.5,0.725,0.1,19.6,23.7,15,18.05,24,1,205,7,3,0,130
2017/7/25,21.525,757.125,80.5,3,4.75,0.6,0.1,20,24.025,15,17.9,25,2,206,7,3,0,151
2017/7/26,21.25,757.45,79.75,8,5,0.525,0.1,19.4,23.875,15,17.5,26,3,207,7,3,0,169
2017/7/27,21.66,755.8,80,8,4.6,0.64,0.1,19.4,24,16,17.9,27,4,208,7,3,0,165
2017/7/28,20.825,756.225,81,0,3.5,0.525,0.1,18.9,23.475,15.5,17.35,28,5,209,7,3,0,178
2017/7/29,21.525,757.575,79,8,3.5,0.65,0.1,18.9,24.025,15.5,17.65,29,6,210,7,3,0,156
2017/7/30,21.1,758.45,81.75,3,3.75,0.825,0.1,19.875,24,16,17.775,30,7,211,7,3,0,131
2017/7/31,20.55,756.175,83,3,3,0.725,0.1,18.3,23.025,13.75,17.5,31,1,212,7,3,0,170
2017/8/1,17.225,762.05,52.75,1,2.5,0.475,0.2,13.475,20.95,15.5,7.225,1,2,213,8,3,0,185
2017/8/2,15.975,761.3,95.75,0,2.5,0.575,0.1,15.3,17.375,5.6,15.275,2,3,214,8,3,0,164
2017/8/3,18.35,759.4,50.75,3,2,0.6,0.1,11.55,23.075,16,7.1,3,4,215,8,3,0,152
2017/8/4,15.825,758.075,67.25,8,5.75,0.525,0.1,12.8,18.175,13.2,9.025,4,5,216,8,3,0,141
2017/8/5,14.3,754.5,78.75,8,5.25,0.575,0.1,9.275,17.9,15,10.425,5,6,217,8,3,0,167
2017/8/6,17.225,757.35,84.75,6,5.25,0.7,0.1,15.6,19.45,12.5,14.45,6,7,218,8,3,0,126
2017/8/7,25,753.725,68.25,3,3,0.575,0.1,21.1,28.6,16,18.45,7,1,219,8,3,0,178
2017/8/8,21.95,755.125,78.5,8,3.25,0.15,0.1,19.4,24.875,15.5,17.925,8,2,220,8,3,0,167
2017/8/9,21.225,754.825,81.5,15,3.25,0.35,0.1,18.45,24.175,15.5,17.775,9,3,221,8,3,0,168
2017/8/10,20.15,751.6,78.25,3,3.5,0.45,0.1,16.25,25.175,12.3,15.975,10,4,222,8,3,0,166
2017/8/11,18.475,758.9,76.5,0,4.5,0.4,0.1,13.9,22.075,16,13.75,11,5,223,8,3,0,177
2017/8/12,18.2,765.2,20.75,8,2,0.4,0.1,11.55,24.05,15,-6.275,12,6,224,8,3,0,163
2017/8/13,20.825,755.55,81.25,3,4,0.7,0.1,18.45,23.725,14.5,17.35,13,7,225,8,3,0,139
2017/8/14,20.7,754.925,78.75,8,4,0.775,0.1,18.725,23.175,13.5,16.825,14,1,226,8,3,0,131
2017/8/15,20.575,755.35,78,3,3.75,0.725,0.1,18.3,22.9,15,16.525,15,2,227,8,3,0,152
2017/8/16,21.3,756.7333333,71,3,4,0.7,0.1,19.4,23.5,14.66666667,15.73333333,16,3,228,8,3,0,158
2017/8/17,20.825,757.5,77.5,8,4,0.35,0.1,18.3,22.96666667,15,16.675,17,4,229,8,3,0,166
2017/8/18,20.55,757.05,80.75,3,4,0.575,0.1,18.45,23.2,15.5,17.075,18,5,230,8,3,0,166
2017/8/19,20.95,756.225,75.5,8,4,0.525,0.1,19.025,23.05,16,16.375,19,6,231,8,3,0,171
2017/8/20,20.675,756,76.5,8,4.25,0.725,0.1,19.025,22.9,16,16.4,20,7,232,8,3,0,131
2017/8/21,21.46,757.26,74.4,8,5.2,0.48,0.1,19.55,23.76,15,16.58,21,1,233,8,3,0,145
2017/8/22,21.125,757.225,81.25,3,5,0.425,0.1,18.9,23.6,15.5,17.65,22,2,234,8,3,0,161
2017/8/23,20.425,756.55,81.25,1,4,0.95,0.1,19.575,22.625,16,17.075,23,3,235,8,3,0,166
2017/8/24,20.125,754.025,79.75,8,3.25,0.775,0.1,19.025,21.95,14.75,16.525,24,4,236,8,3,0,151
2017/8/25,20.7,753.45,83,3,3.5,0.95,0.2,19.275,22.375,10.75,17.65,25,5,237,8,3,0,201
2017/8/26,20.55,755.75,89.75,3,3.25,0.825,0.2,19.025,22.775,8.8,18.75,26,6,238,8,3,0,170
2017/8/27,20.125,755.15,89,3,4.5,0.7,0.1,18.3,22.225,8.8,18.175,27,7,239,8,3,0,138
2017/8/28,21.22,752.8,83.4,3,4.6,0.42,0.1,18.6,22.8,10.2,18.22,28,1,240,8,3,0,163
2017/8/29,23.2,752.3,76.75,3,2.75,0.3,0.1,19.4,26.1,12.5,18.725,29,2,241,8,3,0,160
2017/8/30,23.9,751.375,71.25,3,3,0.425,0.1,20.275,27.075,15,18.175,30,3,242,8,3,0,194
2017/8/31,25.55,750.9,66.33333333,12,2.666666667,0.4,0.1,21.86666667,30.34,16,18.4,31,4,243,8,3,0,169
2017/9/1,13.78,761.62,95.4,1,4.2,0.92,0.4,12.68,20.22,9.92,13,1,5,244,9,3,0,181
2017/9/2,14.575,758.525,100,15,2.25,0.575,0.1,13.75,16.5,4.45,14.575,2,6,245,9,3,0,156
2017/9/3,19.025,759.025,53.5,0,2.75,0.15,0.1,12.075,24.15,16,8.475,3,7,246,9,3,0,153
2017/9/4,15.275,758.875,56.25,6,2.5,0.4,0.1,11.1,18.325,16,6.525,4,1,247,9,3,0,114
2017/9/5,16.95,755.925,72.75,8,4.75,0.725,0.1,12.925,19.6,12.75,11.8,5,2,248,9,3,0,180
2017/9/6,18.98,755.66,78.2,3,4.6,0.48,0.1,14.4,21.12,15.5,14.9,6,3,249,9,3,0,158
2017/9/7,24.725,755.375,74.5,3,2.5,0.525,0.1,20.975,29.325,16,19.45,7,4,250,9,3,0,170
2017/9/8,21.5,755.4,80.75,8,4,0.15,0.1,18.9,24.175,15,17.925,8,5,251,9,3,0,166
2017/9/9,20.8,756.5,78.25,15,3.75,0.425,0.1,18.875,24.025,16,16.675,9,6,252,9,3,0,160
2017/9/10,21.575,754.95,61.5,3,3.25,0.525,0.1,18.175,25.425,16,13.525,10,7,253,9,3,0,122
2017/9/11,18.52,758.68,79.2,11,5,0.52,0.1,15.6,20.98,16,14.68,11,1,254,9,3,0,162
2017/9/12,22.18333333,762.2666667,15.5,8,2,0.75,0.1,11.54,26.71666667,16,-6.816666667,12,2,255,9,3,0,164
2017/9/13,20.15,755.1,78.75,8,5.75,0.6,0.1,18.3,22.35,15,16.25,13,3,256,9,3,0,163
2017/9/14,20.15,755.6,77.25,3,5,0.6,0.1,17.65,22.625,16,15.85,14,4,257,9,3,0,151
2017/9/15,19.725,755.3,80.75,3,3.5,0.6,0.1,17.925,22.5,15.5,16.275,15,5,258,9,3,0,167
2017/9/16,19.875,755.35,80,3,3.75,0.475,0.1,17.8,22.9,16,16.275,16,6,259,9,3,0,141
2017/9/17,20.15,756.3,79.5,8,4.5,0.55,0.1,18.45,22.5,16,16.4,17,7,260,9,3,0,130
2017/9/18,20.025,756.05,81,3,3.25,0.55,0.1,17.8,22.25,15,16.525,18,1,261,9,3,0,157
2017/9/19,20.525,755.375,76.5,3,3.5,0.65,0.1,19.025,22.65,15,16.25,19,2,262,9,3,0,140
2017/9/20,20.8,754.6,75.75,12,3.75,0.6,0.1,17.2,23.875,15,16.15,20,3,263,9,3,0,153
2017/9/21,19.15,753.65,76,3,5.75,0.6,0.1,18.325,22.06666667,15,14.75,21,4,264,9,3,0,146
2017/9/22,18.2,753.75,70,0,3.5,0.4,0.1,14.55,21.25,16,12.375,22,5,265,9,3,0,179
2017/9/23,18.475,753.7,70.5,0,2.25,0.275,0.1,13.75,21.46666667,16,12.625,23,6,266,9,3,0,135
2017/9/24,21.8,754.125,48.5,0,3.25,0.15,0.1,15.2,24.3,16,9.45,24,7,267,9,3,0,118
2017/9/25,23.15,753.15,39.5,6,2.75,0.4,0.1,16.425,27.375,16,9.366666667,25,1,268,9,3,0,148
2017/9/26,21.775,752.7,58.5,0,2.5,0.325,0.1,16.55,26.5,16,12.375,26,2,269,9,3,0,142
2017/9/27,20.55,754.425,82,3,3.75,0.225,0.1,16.55,24.725,12.25,17.2,27,3,270,9,3,0,180
2017/9/28,20.7,754.85,78.5,0,3,0.15,0.1,17.075,24.625,15.5,16.65,28,4,271,9,3,0,170
2017/9/29,21.125,754.85,81,0,3.75,0.4,0.1,17.2,25.025,16,17.575,29,5,272,9,3,0,204
2017/9/30,19.725,754.525,83,1,3.25,0.525,0.1,16.375,23.6,11.5,16.675,30,6,273,9,3,0,150
2017/10/1,13.45,760.65,92.5,8,4.25,0.9,0.1,11.425,15.125,13,12.225,1,7,274,10,4,1,158
2017/10/2,14.875,758.775,96.25,8,2.75,0.9,0.1,13.5,16.5,9.75,14.275,2,1,275,10,4,0,181
2017/10/3,17.925,758.65,61.5,8,2.75,0.675,0.1,13.175,22.325,14.25,9.725,3,2,276,10,4,1,166
2017/10/4,16.8,758.375,57.25,3,3.25,0.125,0.1,10.6,20.55,16,7.075,4,3,277,10,4,1,167
2017/10/5,16.95,759.925,76,3,3.5,0.825,0.1,15.6,19.45,15,12.625,5,4,278,10,4,1,182
2017/10/6,17.22,754.72,81.2,3,3.4,0.84,0.1,16.1,20.34,16,13.88,6,5,279,10,4,0,179
2017/10/7,23.475,755.25,78.25,3,4.5,0.525,0.1,20.975,28.475,15,19.275,7,6,280,10,4,0,193
2017/10/8,21.075,755.475,83,0,3.75,0.3,0.1,19.025,23.75,15,17.925,8,7,281,10,4,0,136
2017/10/9,21.975,754.95,80.75,1,3.25,0.525,0.1,18.45,25.15,16,18.325,9,1,282,10,4,1,149
2017/10/10,19.9,755.5,78,0,3.5,0.4,0.1,15.975,25.3,16,15.8,10,2,283,10,4,0,170
2017/10/11,16.95,757.75,79.5,13,2.5,0.475,0.1,13.9,19.43333333,15,13.2,11,3,284,10,4,1,168
2017/10/12,20.8,761.4875,14.875,0,2,0.575,0.1,12.0375,26.9375,16,-7.8375,12,4,285,10,4,0,148
2017/10/13,18.9,756.75,83,0,3.25,0.2,0.1,15.6,21.4,12.5,15.85,13,5,286,10,4,1,190
2017/10/14,20,757.3,77,0,2.5,0.075,0.1,15.6,23.35,11.75,15.55,14,6,287,10,4,1,196
2017/10/15,23.9,758.9,42.25,0,3.75,0.075,0.1,16.15,29.325,16,7.2,15,7,288,10,4,0,154
2017/10/16,25.3,758.325,31.25,14,2,0.4,0.1,19.275,31.25,16,4.575,16,1,289,10,4,0,164
2017/10/17,24.75,756.5,39.75,14,3,0.4,0.1,19.025,29.875,16,9.025,17,2,290,10,4,0,173
2017/10/18,22.475,755.7,65.25,8,2.25,0.275,0.1,18.9,27.375,15,15.125,18,3,291,10,4,0,156
2017/10/19,20.425,755.225,78.75,3,3,0.475,0.1,18.3,23.35,15,16.525,19,4,292,10,4,0,167
2017/10/20,19.425,755.675,68.75,0,4.75,0.375,0.1,17.2,21.4,15,13.05,20,5,293,10,4,1,187
2017/10/21,19.45,758.925,54.75,0,2.5,0.15,0.1,16.55,22.075,16,10,21,6,294,10,4,0,165
2017/10/22,23.6,759.85,34.5,0,2,0.225,0.1,15.725,28.05,16,4.975,22,7,295,10,4,1,164
2017/10/23,28.075,758.625,26,0,1.25,0,0.1,19.4,33.325,16,6.225,23,1,296,10,4,1,191
2017/10/24,30.975,757.2,21.5,6,2.75,0,0.1,19.8,37.2,16,4.875,24,2,297,10,4,0,181
2017/10/25,28.325,754.45,22.75,3,2.5,0,0.1,22.525,35.975,16,3.2,25,3,298,10,4,1,179
2017/10/26,25.2,754.2333333,35,3,3,0,0.1,19.4,33.13333333,16,7.4,26,4,299,10,4,1,173
2017/10/27,20.16666667,755.8,71.33333333,1,3,0.266666667,0.1,17.25,26.46666667,16,14.26666667,27,5,300,10,4,0,201
2017/10/28,18.05,754.825,89.5,0,3.25,0.7,0.1,16.1,19.8,11.95,16.275,28,6,301,10,4,1,170
2017/10/29,17.56,754.8,85.2,3,2.6,1,0.1,16.1,20.1,10.4,15.02,29,7,302,10,4,1,139
2017/10/30,18.6,754.6,76.5,8,3.75,1,0.1,17.8,20,15,14.3,30,1,303,10,4,0,154
2017/10/31,18.2,755.5,80.5,3,3,0.9,0.1,17.2,19.725,15,14.7,31,2,304,10,4,1,184
2017/11/1,14.875,757.95,89,3,4.75,0.775,0.1,13.75,15.725,13,13.05,1,3,305,11,4,1,155
2017/11/2,14.3,759.575,87,0,4.5,0.775,0.1,13.725,15.76666667,15,12.075,2,4,306,11,4,1,171
2017/11/3,16.95,757.625,74.25,3,1.25,0.275,0.1,13.025,21.25,13.75,11.8,3,5,307,11,4,0,200
2017/11/4,16.525,758,63.5,3,4.25,0.35,0.1,11.925,20.575,16,8.9,4,6,308,11,4,1,202
2017/11/5,16.65,760.325,78.75,8,5.5,0.475,0.1,14.4,19.15,16,12.775,5,7,309,11,4,1,135
2017/11/6,17.35,755.6,75.75,8,5,0.65,0.1,16.4,20.3,16,12.925,6,1,310,11,4,1,171
2017/11/7,21.775,755.85,82.25,8,4.5,0.475,0.1,19.85,25.7,15.5,18.475,7,2,311,11,4,0,173
2017/11/8,20.7,754.375,83.25,8,4.75,0.4,0.1,18.9,23.05,14.75,17.65,8,3,312,11,4,0,177
2017/11/9,23.325,755.225,76.5,8,3,0.525,0.1,20,27,16,18.725,9,4,313,11,4,0,188
2017/11/10,18.6,754.925,83.25,4,3.5,0.325,0.1,17.075,21.675,14.5,15.575,10,5,314,11,4,0,146
2017/11/11,16.925,757.875,78.75,4,2.25,0.45,0.1,13.175,19.85,16,13.05,11,6,315,11,4,0,160
2017/11/12,20,762.35,17,0,2.5,0.525,0.1,15.025,26.1,16,-6.675,12,7,316,11,4,0,131
2017/11/13,16.65,760.225,79.5,15,2,0.475,0.1,12.65,19.575,15,12.925,13,1,317,11,4,0,170
2017/11/14,17.475,758.825,74.25,3,2.5,0.525,0.1,12.2,21.225,16,12.325,14,2,318,11,4,1,160
2017/11/15,19.175,756.875,63.5,8,2.5,0.55,0.1,14.025,22.75,15.5,11.525,15,3,319,11,4,0,156
2017/11/16,19.6,756.825,63,8,2.75,0.725,0.1,14.7,23.45,15,11.8,16,4,320,11,4,1,172
2017/11/17,18.35,759.15,81,0,4,0.525,0.1,17.525,21.375,16,15.025,17,5,321,11,4,0,230
2017/11/18,17.475,760.45,72.25,6,3,0.2,0.1,13.625,21.65,16,12.225,18,6,322,11,4,1,170
2017/11/19,18.175,758.375,41.25,15,2.75,0.35,0.1,13.3,22.75,16,2.8,19,7,323,11,4,0,139
2017/11/20,17.8,758.15,47.5,8,3,0.475,0.1,11.1,21.95,16,5.95,20,1,324,11,4,1,145
2017/11/21,20.975,758.7,50,12,2,0.475,0.1,14.85,24.025,16,9.575,21,2,325,11,4,0,185
2017/11/22,24.025,758.525,37.5,12,2.25,0.075,0.1,16.975,29,16,7.65,22,3,326,11,4,1,196
2017/11/23,24.425,756.925,43,15,3.25,0.35,0.1,19.75,30.2,16,9.025,23,4,327,11,4,0,123
2017/11/24,21.425,755.3,55.25,0,2.25,0.4,0.1,15.3,27.375,16,11.25,24,5,328,11,4,0,124
2017/11/25,18.325,758.1,73.75,3,2.5,0.475,0.1,15.7,25.15,12.8,12.375,25,6,329,11,4,0,118
2017/11/26,15.975,759.275,88.25,4,4.5,0.825,0.1,15,17.96666667,9.2,14,26,7,330,11,4,0,116
2017/11/27,16.825,757.475,65.75,12,4.25,0.525,0.1,14.55,18.6,12.75,10,27,1,331,11,4,0,156
2017/11/28,16.525,757.275,61,0,3.5,0.475,0.1,10.275,20.675,16,8.35,28,2,332,11,4,1,141
2017/11/29,16.22,758.32,76,0,2.4,0.6,0.1,13.025,20.64,16,11.56,29,3,333,11,4,0,159
2017/11/30,16.525,758.65,69.25,14,2,0.325,0.1,11.375,21.075,16,10.275,30,4,334,11,4,1,187
2017/12/1,13.325,756.55,86.75,12,3.5,0.775,0.1,12.5,14.975,12.25,11.1,1,5,335,12,4,1,219
2017/12/2,15.975,759.15,69.25,0,2.75,0.225,0.2,10.675,18.475,15,9.875,2,6,336,12,4,0,179
2017/12/3,14.575,757.725,89.5,3,2,0.4,0.1,11.7,19.025,3.35,12.775,3,7,337,12,4,0,146
2017/12/4,15.7,758.65,84.25,3,4.5,0.525,0.1,11.7,19.85,12,12.75,4,1,338,12,4,1,181
2017/12/5,16.1,756.8,80.5,7,4.25,0.725,0.1,14.55,18.45,14.25,12.625,5,2,339,12,4,0,199
2017/12/6,17.35,757.7,70.25,8,4.5,0.225,0.1,13.45,20.725,16,11.525,6,3,340,12,4,0,147
2017/12/7,20.675,756.75,84,0,3.5,0.65,0.1,19.025,23.625,14.5,17.8,7,4,341,12,4,1,175
2017/12/8,20.95,755.05,81.5,8,2.5,0.65,0.1,18.625,23.325,12.5,17.5,8,5,342,12,4,0,194
2017/12/9,20.525,755.55,87,3,6,0.525,0.1,19.275,24,10.75,18.2,9,6,343,12,4,0,163
2017/12/10,18.9,755.975,79.5,12,3.25,0.35,0.1,16.925,20.7,14.5,15.125,10,7,344,12,4,1,147
2017/12/11,16.4,759.275,85.5,0,2.25,0.825,0.1,13.75,19.175,13,13.875,11,1,345,12,4,0,149
2017/12/12,19.15,760.7,23.75,0,2.75,0.225,0.1,12.35,25.4,16,-5.275,12,2,346,12,4,1,176
2017/12/13,18.35,757.3,29,10,2,0.2,0.1,10.875,25,15.5,-2.725,13,3,347,12,4,0,188
2017/12/14,16.375,758.3,47.75,0,2.5,0.3,0.1,9.8,21.65,16,6.666666667,14,4,348,12,4,0,165
2017/12/15,17.8,759.225,43.75,2,2,0.325,0.1,10.6,23.2,14.75,3.35,15,5,349,12,4,0,194
2017/12/16,15.425,751.675,71.25,9,3.25,0.4,0.1,11.7,20,14.25,10.15,16,6,350,12,4,0,161
2017/12/17,18.2,756.05,18.75,0,3.25,0.15,0.1,12.925,20.825,16,-6.425,17,7,351,12,4,0,163
2017/12/18,15.975,761.35,41,3,2,0.4,0.1,11.275,20.675,15.5,0.825,18,1,352,12,4,0,170
2017/12/19,14.575,762.475,62.5,2,2.75,0.225,0.1,9.85,18.875,16,7.1,19,2,353,12,4,1,160
2017/12/20,12.6,760.475,67.25,0,3.25,0.45,0.1,9.125,16.1,12.25,5.525,20,3,354,12,4,0,143
2017/12/21,13.2,761.175,28.5,0,2,0.075,0.1,10,15.85,16,-5.425,21,4,355,12,4,1,169
2017/12/22,12.925,764.225,38,14,2.5,0.375,0.1,6.133333333,16.55,16,-2.225,22,5,356,12,4,0,180
2017/12/23,13.75,762.375,46.75,0,2.25,0.8,0.1,8.533333333,17.075,16,0.85,23,6,357,12,4,1,142
2017/12/24,15,761.05,57.75,2,1.75,0.65,0.1,11,18.625,16,5.025,24,7,358,12,4,1,115
2017/12/25,13.6,760.225,70.25,0,2,0.725,0.2,9.233333333,18.05,12.5,7.65,25,1,359,12,4,0,105
2017/12/26,13.6,760.775,78.5,0,2.25,0.45,0.1,9.125,17.2,6.55,9.425,26,2,360,12,4,1,118
2017/12/27,15.275,760.975,68.5,0,2,0.3,0.1,10.3,19.025,11.5,9,27,3,361,12,4,1,130
2017/12/28,16.25,760.425,65.25,15,2.25,0.275,0.1,10,20.95,16,9.025,28,4,362,12,4,1,137
2017/12/29,18.175,760.1,45.75,1,2.75,0.325,0.2,10.975,22.9,16,4.85,29,5,363,12,4,0,144
2017/12/30,14,759.9,86.25,0,3.25,0.775,0.2,10,20.425,8.75,11.4,30,6,364,12,4,1,140
2017/12/31,13.025,760.45,93.5,14,1.5,0.7,0.1,11.1,16.5,4,11.925,31,7,365,12,4,0,130
2018/1/1,14.575,761.725,80.25,0,2.25,0.725,0.1,9.725,18.475,9.5,10.825,1,1,1,1,1,1,121
2018/1/2,17.775,758.025,52.25,3,2,0.525,0.1,11.7,22.1,16,7.075,2,2,2,1,1,0,138
2018/1/3,12.35,762,67.75,0,4,0.6,0.1,7.8,15.55,16,6.375,3,3,3,1,1,1,120
2018/1/4,14.575,755.85,80.25,8,2.5,0.95,0.1,12.475,16.275,11.75,11.1,4,4,4,1,1,1,132
2018/1/5,13.75,755.275,74.25,8,4,0.875,0.1,12.65,16.25,14.75,9.175,5,5,5,1,1,1,142
2018/1/6,17.75,757.05,70.25,8,3.75,0.15,0.1,14.275,20.7,15,12.075,6,6,6,1,1,1,122
2018/1/7,19.85,757.7,74,3,4.75,0.6,0.1,18.3,22.775,16,15,7,7,7,1,1,1,107
2018/1/8,23.5,755.95,78,1,4,0.45,0.1,21.55,26.675,16,19.275,8,1,8,1,1,1,212
2018/1/9,21.95,753,74,3,3,0.55,0.1,18.75,24.725,16,16.95,9,2,9,1,1,1,204
2018/1/10,23.05,752.975,57.5,15,4,0.5,0.1,19.025,26.65,16,13.75,10,3,10,1,1,1,166
2018/1/11,20.125,758.975,56.5,0,3.5,0.6,0.1,14.275,24.575,16,10.55,11,4,11,1,1,0,170
2018/1/12,15.125,756.675,57.5,9,2.75,0.475,0.1,11.8,17.625,16,6.675,12,5,12,1,1,1,189
2018/1/13,21.925,760.45,33,0,2.25,0.5,0.1,13.875,27.2,16,3.5,13,6,13,1,1,0,148
2018/1/14,20.275,760.7,34.5,3,1.5,0.675,0.1,14.85,25.975,16,3.475,14,7,14,1,1,1,112
2018/1/15,15.15,760.775,73.75,6,3.75,0.65,0.1,12.375,20.675,15.5,10.275,15,1,15,1,1,0,118
2018/1/16,15.85,761.175,84.5,0,2.5,0.775,0.1,12.2,17.925,10.4,13.175,16,2,16,1,1,1,137
2018/1/17,17.075,761.2,74,0,2,0.4,0.1,12.65,20.525,11.55,11.8,17,3,17,1,1,0,136
2018/1/18,17.775,759.325,64.75,9,1,0.35,0.1,13.025,21.65,16,10.4,18,4,18,1,1,1,135
2018/1/19,14.45,757.225,80.75,5,4.5,0.85,0.1,12.2,17.9,10.2,10.975,19,5,19,1,1,0,166
2018/1/20,13.725,759.1,39.25,2,6.25,0.4,0.1,12.075,16.525,16,-0.125,20,6,20,1,1,1,130
2018/1/21,12.775,764.525,39,12,2.75,0.525,0.1,7.433333333,15.975,16,-1.466666667,21,7,21,1,1,0,120
2018/1/22,13.6,763.175,48.5,4,3.25,0.15,0.1,7.8,17.475,16,2.25,22,1,22,1,1,1,161
2018/1/23,15.55,761.45,45,7,3,0.075,0.1,9.275,20.125,16,2.775,23,2,23,1,1,1,161
2018/1/24,15.95,759.925,45,9,3.75,0.275,0.1,10.675,21.675,16,2.225,24,3,24,1,1,1,144
2018/1/25,13.45,759.65,65.5,13,3.25,0.4,0.1,9.275,17.8,15,5.825,25,4,25,1,1,1,155
2018/1/26,14.3,762.55,43.5,0,3.5,0.4,0.1,11.375,16.525,16,1.925,26,5,26,1,1,0,159
2018/1/27,17.225,762.5,24.25,9,1.75,0.4,0.1,9.433333333,20.275,16,-4.575,27,6,27,1,1,0,176
2018/1/28,20.975,761.35,24,10,2.25,0.2,0.1,10.825,25.125,16,-1.55,28,7,28,1,1,0,147
2018/1/29,22.5,759.975,24.25,14,3.25,0.6,0.1,12.6,28.075,16,-0.275,29,1,29,1,1,0,161
2018/1/30,20.825,758.25,28.75,0,2.25,0.675,0.1,17.1,26.55,16,0.85,30,2,30,1,1,0,130
2018/1/31,18.05,756.775,45.5,0,1.75,0.15,0.1,12.8,23.33333333,16,4.55,31,3,31,1,1,1,173
2018/2/1,15.975,760.6,79,12,2.25,0.85,0.1,12.2,19.425,10.75,12.225,1,4,32,2,1,0,180
2018/2/2,18.225,759.6,57.75,3,2.25,0.5,0.1,12.65,22.8,14.75,8.325,2,5,33,2,1,0,178
2018/2/3,12.625,759.45,92.75,8,4.5,0.95,0.1,10.975,15,8.9,11.425,3,6,34,2,1,0,170
2018/2/4,15.825,754.775,68,3,3.5,0.65,0.1,14.15,18.13333333,16,9.75,4,7,35,2,1,1,146
2018/2/5,15.22,758.9,67.4,3,3,0.62,0.1,12.65,16.95,15,9,5,1,36,2,1,0,134
2018/2/6,18.625,756.7,74,8,3.5,0.075,0.1,15.45,21.375,16,13.725,6,2,37,2,1,1,140
2018/2/7,19.85,756.525,73.5,3,4.75,0.6,0.1,17.925,21.8,15.5,14.875,7,3,38,2,1,1,162
2018/2/8,23.5,755.35,74,16,3.5,0.45,0.1,21.4,26.275,16,18.475,8,4,39,2,1,0,173
2018/2/9,22.1,754.275,70.5,3,4.25,0.75,0.1,20.6,24.3,16,16.425,9,5,40,2,1,0,188
2018/2/10,21,754.55,74.25,14,3.25,0.725,0.1,19.4,24.425,15.5,16.125,10,6,41,2,1,0,135
2018/2/11,22.65,758.25,43.5,10,2.75,0.3,0.1,15.45,27.625,16,7.9,11,7,42,2,1,0,155
2018/2/12,14.85,758.6,40.75,12,4.5,0.325,0.1,12.65,17.225,16,1.866666667,12,1,43,2,1,0,160
2018/2/13,14.875,760.475,56.75,8,2.5,0.65,0.1,10.45,17.375,16,5.575,13,2,44,2,1,0,166
2018/2/14,16.4,760.15,60.25,4,3.25,0.725,0.1,13.75,18.75,15.5,8.325,14,3,45,2,1,0,156
2018/2/15,15.95,760.475,61.75,6,3,0.225,0.1,11.925,19.425,15.5,7.925,15,4,46,2,1,0,157
2018/2/16,17.525,760.75,39.25,8,2.25,0.2,0.1,11.275,21.4,15.5,1.3,16,5,47,2,1,0,217
2018/2/17,16.4,759.8,42.75,8,3.25,0.2,0.1,11.425,20.95,16,2.65,17,6,48,2,1,0,189
2018/2/18,14.575,756.55,77.75,2,4.5,0.525,0.1,11.425,18.05,16,10.575,18,7,49,2,1,0,153
2018/2/19,11.95,755.975,36.5,0,6.25,0.325,0.1,10.4,15.15,16,-3.05,19,1,50,2,1,0,121
2018/2/20,11.25,760.925,29.25,2,4.5,0,0.1,7.1,14.175,16,-6.525,20,2,51,2,1,0,167
2018/2/21,12.075,761.1,39.5,1,3.75,0.4,0.1,7.925,14.875,16,-2.033333333,21,3,52,2,1,0,156
2018/2/22,11.675,762.825,57.5,9,3.75,0.4,0.1,6.5,14.575,16,3.475,22,4,53,2,1,0,158
2018/2/23,11.8,763.1,34.75,7,6.25,0.225,0.1,9.125,14.15,16,-4.45,23,5,54,2,1,0,154
2018/2/24,11.925,764.575,37,0,3.5,0.075,0.1,6.333333333,14.725,16,-3.225,24,6,55,2,1,1,146
2018/2/25,13.225,761.925,44.25,3,3.75,0.075,0.1,6.7,16.825,16,1.4,25,7,56,2,1,0,146
2018/2/26,12.375,757.3,60.75,5,4.5,0.5,0.1,8.475,17.225,16,4.6,26,1,57,2,1,0,159
2018/2/27,10.55,757.475,55.75,0,3,0.475,0.1,8.75,14.175,16,1.95,27,2,58,2,1,0,141
2018/2/28,11.65,762.55,60,3,3,0.275,0.1,4.966666667,14.725,16,3.9,28,3,59,2,1,0,170
2018/3/1,16.1,759.375,76.75,0,3,0.675,0.1,12.2,22.2,12.2,10.975,1,4,60,3,1,1,141
2018/3/2,17.35,759.4,63.25,5,1.75,0.275,0.1,12.525,22.775,13,9.45,2,5,61,3,1,0,206
2018/3/3,12.525,759.375,76,3,3.75,0.675,0.1,11.425,14.75,16,8.2,3,6,62,3,1,1,164
2018/3/4,15.4,757.375,78,3,4.5,0.775,0.1,13.45,18.325,15,11.425,4,7,63,3,1,0,137
2018/3/5,15.975,761.625,69.5,8,4.25,0.225,0.1,12.65,18.3,15,10.275,5,1,64,3,1,1,155
2018/3/6,18.325,755.45,78.5,3,3.75,0.475,0.1,16.1,21.25,15.5,14.3,6,2,65,3,1,1,172
2018/3/7,20.55,756.25,69,3,3.5,0.65,0.1,18.45,22.5,15.5,14.55,7,3,66,3,1,1,160
2018/3/8,23.2,754.925,73,3,3.75,0.075,0.1,21.1,25.975,15.5,17.925,8,4,67,3,1,1,157
2018/3/9,21.675,754.825,75.25,3,4.25,1,0.1,20.6,23.75,16,17.075,9,5,68,3,1,0,194
2018/3/10,21.4,756.025,75.75,0,4,0.85,0.1,20.3,23.725,15.5,16.825,10,6,69,3,1,1,184
2018/3/11,21.525,756.675,56.5,13,1.5,0.225,0.1,15.6,26.675,16,11.525,11,7,70,3,1,1,158
2018/3/12,14.875,760.725,51.5,3,3,0.425,0.2,11.55,17.775,16,4.575,12,1,71,3,1,1,140
2018/3/13,16.32,758.8,93.4,3,1.6,1,0.1,14.4,17.66,6.56,15.22,13,2,72,3,1,0,150
2018/3/14,14.45,758.025,81.75,3,5.5,0.65,0.1,13.175,16.925,15,11.275,14,3,73,3,1,1,176
2018/3/15,14.175,757.45,69.75,1,6.5,0.425,0.1,12.65,16.4,16,8.325,15,4,74,3,1,0,175
2018/3/16,13.2,758.075,75.25,3,3.75,0.8,0.1,11.1,15.425,15.5,8.75,16,5,75,3,1,0,154
2018/3/17,13.025,758.2,69.25,8,5.5,0.6,0.1,11.95,15,16,7.375,17,6,76,3,1,1,182
2018/3/18,12.75,760.6,63.75,0,3.75,0.65,0.1,8.533333333,15.125,16,5.85,18,7,77,3,1,0,155
2018/3/19,15.425,759.225,62,2,2,0.65,0.1,10.45,18.45,16,7.5,19,1,78,3,1,1,152
2018/3/20,16.1,757.825,63.5,10,2.75,0.9,0.1,12.6,19.025,16,9,20,2,79,3,1,0,137
2018/3/21,16.375,757.8,79.25,0,2.75,0.85,0.6,13.575,18.725,14.75,12.75,21,3,80,3,1,0,157
2018/3/22,15.3,758.6,94.25,8,1.75,0.933333333,0.1,14.875,18.16666667,8.2,14.325,22,4,81,3,1,0,181
2018/3/23,15,760.2,88.75,3,4.75,0.7,0.1,13.9,16.925,11.75,13.05,23,5,82,3,1,0,193
2018/3/24,13.9,758.45,75.75,10,5.5,0.6,0.1,10.15,16.275,16,9.425,24,6,83,3,1,0,140
2018/3/25,13.6,757.825,57.75,9,3.75,0.35,0.1,10.6,16.125,16,4.7,25,7,84,3,1,0,125
2018/3/26,15.425,758.125,37.75,0,4.25,0.325,0.1,11.1,18.7,16,0.933333333,26,1,85,3,1,0,152
2018/3/27,17.25,759.9,41.75,8,5.25,0.15,0.1,10.45,22.375,16,2.1,27,2,86,3,1,0,157
2018/3/28,15.7,760.075,66,3,3.5,0.15,0.1,11.55,21.225,16,8.9,28,3,87,3,1,1,154
2018/3/29,14.45,759.025,84.25,8,3.75,0.4,0.2,11.825,17.775,10.8,11.7,29,4,88,3,1,1,141
2018/3/30,14.3,759.15,84.5,3,4.5,0.6,0.1,11.1,17.5,5.6,11.425,30,5,89,3,1,0,140
2018/3/31,13.325,758.4,88.75,3,2.75,0.9,0.1,11.25,16.25,8.25,11.4,31,6,90,3,1,1,137
2018/4/1,16.8,761.1,72.75,16,3,0.675,0.1,13.175,21.225,14.25,11.675,1,7,91,4,2,0,107
2018/4/2,16.775,758.45,69.5,2,3,0.35,0.1,12.075,21.775,14.25,10.7,2,1,92,4,2,1,156
2018/4/3,12.375,762.075,51.25,3,5.25,0.4,0.1,8.166666667,15.125,16,2.2,3,2,93,4,2,0,166
2018/4/4,13.875,759.1,85.5,3,3,1,0.1,12.8,16.525,10.75,11.4,4,3,94,4,2,1,144
2018/4/5,18.75,760.05,68.5,0,4.5,0.4,0.1,13.75,22.325,15,12.35,5,4,95,4,2,1,159
2018/4/6,18.625,754.825,74.5,3,3.75,0.775,0.1,15.725,21.25,12.25,13.9,6,5,96,4,2,0,150
2018/4/7,20.725,758.025,70.25,8,4.25,0.4,0.1,18.45,23.05,16,14.975,7,6,97,4,2,1,138
2018/4/8,23.2,754.1,77,3,3.5,0.3,0.1,20.3,26.225,15.5,18.75,8,7,98,4,2,1,140
2018/4/9,20.48,754.72,78.8,8,4.2,1,0.1,20,22.78,15.2,16.68,9,1,99,4,2,1,166
2018/4/10,20.425,756.925,79,0,5,0.6,0.1,18.3,23.35,14.75,16.525,10,2,100,4,2,1,155
2018/4/11,19.3,756.175,76.25,12,1.75,0.675,0.1,15.975,24.175,14.5,14.85,11,3,101,4,2,1,180
2018/4/12,16.1,758.15,32.25,12,3.75,0.525,0.1,12.075,19.3,16,-0.825,12,4,102,4,2,1,194
2018/4/13,18.775,762.05,34.5,8,3.25,0.075,0.1,15.45,22.375,16,1.25,13,5,103,4,2,0,188
2018/4/14,20.275,761.475,34.5,8,3.25,0.075,0.1,13.625,25.85,16,1.95,14,6,104,4,2,0,167
2018/4/15,16.65,757.225,68.75,3,3.75,0.65,0.1,13.475,22.5,16,10.55,15,7,105,4,2,0,120
2018/4/16,14.45,758.625,63.25,3,9.25,0.325,0.1,12.65,18.2,15.5,7.225,16,1,106,4,2,0,169
2018/4/17,15.3,760.475,44.5,3,5.75,0,0.1,11.25,18.075,16,2.35,17,2,107,4,2,0,151
2018/4/18,15.15,758.525,56.5,8,5.5,0.375,0.1,11.925,18.9,16,6.25,18,3,108,4,2,0,160
2018/4/19,13.475,758.6,68.5,13,4.75,0.4,0.1,10.975,16.675,15,7.625,19,4,109,4,2,0,143
2018/4/20,15,760.225,73,14,3.25,0.225,0.1,10.6,18.75,15.5,9.875,20,5,110,4,2,0,170
2018/4/21,17.65,758.125,67.5,0,2.75,0.675,0.1,12.075,22.325,12.6,10.575,21,6,111,4,2,0,157
2018/4/22,16.8,756.25,76.25,3,2.25,0.3,0.2,13.75,21.8,14.75,12.375,22,7,112,4,2,0,148
2018/4/23,15.3,757.925,83,8,3.25,0.875,0.1,13.625,19.6,7.25,12.225,23,1,113,4,2,0,167
2018/4/24,14.6,758.4,79.75,3,4.25,0.65,0.1,11.825,17.8,10.7,11,24,2,114,4,2,0,139
2018/4/25,15,759.35,75.25,8,4,0.775,0.1,12.475,17.25,12.5,10.575,25,3,115,4,2,0,163
2018/4/26,15.15,758.05,75.25,3,3.75,0.525,0.1,13.3,17.375,16,10.725,26,4,116,4,2,0,168
2018/4/27,15.825,757.625,69,3,3.5,0.45,0.1,13.45,18.325,14.75,10,27,5,117,4,2,0,185
2018/4/28,16.075,756.425,70.75,8,4.25,0.15,0.1,12.65,18.875,16,10.575,28,6,118,4,2,0,155
2018/4/29,15.95,756.9,68.25,3,3.75,0.475,0.1,13.175,18.875,16,10,29,7,119,4,2,0,145
2018/4/30,15.425,756.725,73.75,1,5,0.8,0.4,14,18.05,15,10.675,30,1,120,4,2,0,137
2018/5/1,15.7,762.175,87,0,3,0.7,0.1,13.75,20.15,7.3,13.325,1,2,121,5,2,0,151
2018/5/2,14.85,756.675,85.5,0,2.25,0.225,0.1,11.425,19.875,11.75,12.375,2,3,122,5,2,0,152
2018/5/3,15,760.475,38,14,2.5,0.55,0.1,7.9,18.75,16,-0.425,3,4,123,5,2,0,154
2018/5/4,14.85,758.45,79.25,14,2,0.9,0.1,13.175,16.95,11.75,11.25,4,5,124,5,2,0,168
2018/5/5,18.6,756.75,66.75,3,3.75,0.525,0.1,14.4,23.325,16,11.925,5,6,125,5,2,0,161
2018/5/6,18.05,755.375,75.75,3,3.5,0.775,0.1,16.25,20.7,15,13.6,6,7,126,5,2,0,157
2018/5/7,21.95,757.775,70.75,8,4.5,0.6,0.1,17.8,25,15.5,16.125,7,1,127,5,2,0,145
2018/5/8,22.775,753.875,78,3,3.75,0.3,0.1,20.45,25.675,14.25,18.6,8,2,128,5,2,0,148
2018/5/9,20.15,757.225,81,3,4.25,1,0.1,19.725,20.96666667,15,16.825,9,3,129,5,2,0,134
2018/5/10,20.4,756.175,76.25,0,3.75,0.475,0.1,18.45,22.65,16,16,10,4,130,5,2,0,161
2018/5/11,19.025,754.6,75.5,12,2.25,0.625,0.1,17.075,22.35,11.45,14.45,11,5,131,5,2,0,174
2018/5/12,13.35,755.625,67.25,8,5,0.95,0.1,11.8,16.825,15.5,7.1,12,6,132,5,2,0,164
2018/5/13,16.125,758.05,74,8,5,0.65,0.1,15.3,18.6,14,11.4,13,7,133,5,2,0,125
2018/5/14,16.925,757.25,67.5,8,4.75,0.35,0.1,13.175,19.275,15,10.7,14,1,134,5,2,0,133
2018/5/15,16.25,758.275,72.5,3,5.25,0.35,0.1,13.3,19,15,11.125,15,2,135,5,2,0,155
2018/5/16,17.5,757.6,66.25,0,5.75,0.225,0.1,13.625,20.4,15,10.85,16,3,136,5,2,0,153
2018/5/17,16.55,756.925,74.75,3,3.75,0.35,0.1,12.65,20.25,15,11.825,17,4,137,5,2,0,173
2018/5/18,16.825,756.25,72.75,3,3.25,0.65,0.1,14.55,19.3,15,11.8,18,5,138,5,2,0,173
2018/5/19,16.65,755.8,76.75,8,3.25,0.95,0.1,14.55,18.575,16,12.475,19,6,139,5,2,0,144
2018/5/20,16.825,755.55,74.25,3,4,0.95,0.1,15.6,19.025,16,12.1,20,7,140,5,2,0,119
2018/5/21,16.425,754.8,71.75,8,3.25,0.825,0.1,15,18.475,14.75,11.25,21,1,141,5,2,0,163
2018/5/22,16.675,755.675,71.25,3,4,0.775,0.1,15.6,18.6,15,11.4,22,2,142,5,2,0,150
2018/5/23,16.55,757.425,75.75,8,4.75,0.775,0.1,15,18.575,15,12.2,23,3,143,5,2,0,134
2018/5/24,16,759.575,78,3,3.5,0.95,0.1,15,18.2,15.5,12.1,24,4,144,5,2,0,139
2018/5/25,16.8,760.225,69.5,8,6.5,0.65,0.1,14.4,19.025,15.5,10.95,25,5,145,5,2,0,155
2018/5/26,16.925,757.6,67.75,3,4.75,0.525,0.1,14.025,19.575,16,10.7,26,6,146,5,2,0,125
2018/5/27,17.1,756.25,73.5,8,2.75,0.525,0.1,14.4,19.85,16,12.1,27,7,147,5,2,0,127
2018/5/28,17.225,756.125,77.75,3,4,0.775,0.1,15.15,19.875,13.25,13.2,28,1,148,5,2,0,121
2018/5/29,17.075,754.3,79.75,3,4,1,0.1,15.975,19.325,13.5,13.45,29,2,149,5,2,0,138
2018/5/30,17.8,754.575,74.75,8,4,1,0.1,15.6,19.26666667,14.5,13.175,30,3,150,5,2,0,137
2018/5/31,17.925,755.95,72,0,3.75,0.525,0.2,16.125,20.275,15,12.65,31,4,151,5,2,0,147
2018/6/1,15.725,760.75,94,12,1.5,0.825,0.1,13.9,17.23333333,5.05,14.725,1,5,152,6,2,0,176
2018/6/2,14.725,758.225,86.25,16,3,0.25,0.1,12.35,18.075,9.1,12.375,2,6,153,6,2,0,145
2018/6/3,17.225,758.75,33.75,3,2.75,0.575,0.1,10.675,22.225,16,-0.55,3,7,154,6,2,0,152
2018/6/4,16.56,757.1,74.4,3,4.8,0.6,0.1,13.13333333,18.24,16,11.9,4,1,155,6,2,0,162
2018/6/5,17.375,757.375,72.5,3,3,0.725,0.1,13.9,21.825,15.5,12.075,5,2,156,6,2,0,155
2018/6/6,17.225,755.25,76,3,4.5,0.575,0.1,16.275,19.575,14.75,12.9,6,3,157,6,2,0,181
2018/6/7,28.325,753.875,46,3,3.75,0.15,0.1,20.4,30.975,16,15,7,4,158,6,2,0,166
2018/6/8,24.275,752.95,73.75,8,3,0.35,0.1,20,27.075,15.5,19.05,8,5,159,6,2,0,179
2018/6/9,19.875,758.025,80.75,10,4.5,0.825,0.1,18.75,21.95,14.5,16.4,9,6,160,6,2,0,168
2018/6/10,20.575,752.675,75,0,2.75,0.675,0.1,17.65,22.8,16,15.85,10,7,161,6,2,0,137
2018/6/11,19.45,756.15,71.25,4,3,0.4,0.1,18.175,21.8,16,14.025,11,1,162,6,2,0,161
2018/6/12,12.5,755.025,83.75,8,5,0.725,0.1,11.275,14.725,11.95,9.725,12,2,163,6,2,0,166
2018/6/13,18.75,753.375,80.25,3,4.25,0.525,0.1,15.725,21.95,10.6,15.15,13,3,164,6,2,0,169
2018/6/14,18.875,753.2,79.75,8,4.75,0.7,0.1,16.25,22.2,10.2,15.15,14,4,165,6,2,0,148
2018/6/15,19.05,752.45,78,16,3.75,0.775,0.1,16.7,22.65,14.5,15.025,15,5,166,6,2,0,165
2018/6/16,19.325,753.6,63,3,4.25,0.9,0.1,17.225,21.825,15.5,11.95,16,6,167,6,2,0,142
2018/6/17,17.625,756.6,68.75,3,4,0.775,0.1,16.7,20.425,16,11.675,17,7,168,6,2,0,114
2018/6/18,18.35,757.75,70.75,3,5.75,0.4,0.1,16.55,20.575,15.5,12.775,18,1,169,6,2,0,157
2018/6/19,18.8,756.7,73,3,4.2,0.54,0.1,15.725,20.78,15.6,13.66,19,2,170,6,2,0,143
2018/6/20,19.475,755.8,75.25,8,3.5,0.7,0.1,16.1,21.4,11.5,14.875,20,3,171,6,2,0,156
2018/6/21,19.05,756,80,1,2.75,1,0.1,17.8,21.675,12.5,15.45,21,4,172,6,2,0,124
2018/6/22,18.45,754.325,85,16,3.25,1,0.1,17.65,20.73333333,11,15.85,22,5,173,6,2,0,158
2018/6/23,19.3,754,75,15,4.5,0.875,0.1,16.825,21.55,14.75,14.575,23,6,174,6,2,0,147
2018/6/24,19.175,756,72,8,4,0.7,0.1,17.2,21.525,16,13.875,24,7,175,6,2,0,139
2018/6/25,19.575,756.575,74.25,3,4,0.6,0.1,17.925,22.375,15.5,14.725,25,1,176,6,2,0,152
2018/6/26,19.05,756.875,77,8,4.75,0.65,0.1,17.2,21.675,15.5,14.7,26,2,177,6,2,0,173
2018/6/27,19.75,756.25,75.5,0,3.5,0.525,0.1,17.8,21.95,15,15.15,27,3,178,6,2,0,140
2018/6/28,19.725,755.55,73.25,6,3,0.525,0.1,17.8,21.8,15.5,14.7,28,4,179,6,2,0,157
2018/6/29,20.025,755.675,68,8,4,0.65,0.1,18.45,22.225,16,13.875,29,5,180,6,2,0,168
2018/6/30,20.425,756.6,69.75,0,3.5,0.65,0.3,18.9,22.775,16,14.6,30,6,181,6,2,0,149
2018/7/1,17.1,759.15,83.75,15,3.25,0.9,0.1,15.15,18.625,6.45,14.275,1,7,182,7,3,0,143
2018/7/2,16.125,762.05,75,0,2.75,0.275,0.1,10.975,21.525,9.15,10,2,1,183,7,3,0,171
2018/7/3,15.125,758.8,46.75,3,1.75,0.85,0.1,11.7,19.875,16,3.2,3,2,184,7,3,0,155
2018/7/4,16.5,756.875,83.5,0,3.5,0.55,0.1,14.4,18.725,16,13.625,4,3,185,7,3,1,131
2018/7/5,17.225,758.4,75,8,2.25,0.3,0.1,12.925,21.1,14.5,12.35,5,4,186,7,3,0,178
2018/7/6,18.475,756.1,68.75,3,4,0.45,0.1,14.975,21,15,12.5,6,5,187,7,3,0,169
2018/7/7,28.075,753.575,52.5,8,3.75,0.4,0.1,23.75,32.5,16,17.075,7,6,188,7,3,0,143
2018/7/8,25.8,752.25,71.75,3,3.5,0.4,0.1,21.55,29.725,15,19.725,8,7,189,7,3,1,122
2018/7/9,20.55,756.55,79.75,16,3.75,0.65,0.1,18.45,22.775,10.05,16.825,9,1,190,7,3,1,170
2018/7/10,20.25,752.4,72.75,7,3.5,0.4,0.1,17.75,22.625,16,15.15,10,2,191,7,3,0,165
2018/7/11,18.45,757.05,75.75,13,3,0.775,0.1,18.025,20.55,15,14.025,11,3,192,7,3,0,159
2018/7/12,15.425,759.825,65.25,8,3,0.325,0.1,10.73333333,17.65,16,8.75,12,4,193,7,3,0,173
2018/7/13,21.95,757.775,77.75,3,4.5,0.45,0.1,20.6,24.275,16,17.8,13,5,194,7,3,1,185
2018/7/14,22.375,756.8,76.25,8,4,0.4,0.1,20,24.575,16,17.9,14,6,195,7,3,1,164
2018/7/15,22.775,756.275,77.25,3,3.5,0.275,0.1,20.6,25.175,16,18.475,15,7,196,7,3,0,166
2018/7/16,22.78,756.44,75.4,3,5.2,0.46,0.1,20.725,25.15,15.6,18.1,16,1,197,7,3,1,165
2018/7/17,21.8,757.2,77.5,15,3.75,0.825,0.1,20.6,24,14.25,17.65,17,2,198,7,3,1,168
2018/7/18,22,757.72,79.6,8,3.2,0.86,0.1,20.7,24.3,15.2,18.22,18,3,199,7,3,1,153
2018/7/19,22.525,756.6,77.25,8,4.25,0.4,0.1,20.725,25.15,16,18.2,19,4,200,7,3,0,157
2018/7/20,21.13333333,756.8,81.66666667,3,4.666666667,0.8,0.1,20,23.05,15.33333333,17.8,20,5,201,7,3,0,175
2018/7/21,22.1,757.425,75,3,5.5,0.65,0.1,20.6,23.875,16,17.35,21,6,202,7,3,0,155
2018/7/22,23.53333333,757.9666667,71.66666667,7,3.666666667,0.266666667,0.1,20,25.76666667,16,17.96666667,22,7,203,7,3,0,142
2018/7/23,24.575,755.3,66.5,3,3.5,0.225,0.1,21.1,27.9,16,17.65,23,1,204,7,3,0,161
2018/7/24,24.325,755.375,70.25,3,3.25,0.225,0.1,20.975,28.45,15.5,18.325,24,2,205,7,3,0,155
2018/7/25,23.5,756.2666667,79.33333333,3,4,0.533333333,0.2,21.4,25.3,10.26666667,19.6,25,3,206,7,3,0,157
2018/7/26,22.925,756.05,80.5,3,4.5,0.833333333,0.1,21.25,25.975,7.9,19.275,26,4,207,7,3,0,165
2018/7/27,21.95,754.85,81.75,8,3.25,0.725,0.1,20.825,24.575,10,18.6,27,5,208,7,3,0,165
2018/7/28,23.2,756.1,75,8,3.75,0.525,0.1,20.85,24.8,13.5,18.45,28,6,209,7,3,0,171
2018/7/29,23.35,756.75,76.75,3,3.25,0.475,0.1,20.45,26.775,14.75,18.75,29,7,210,7,3,0,138
2018/7/30,22.775,756.05,77,3,4.5,0.525,0.1,20.3,25.7,15.5,18.45,30,1,211,7,3,0,140
2018/7/31,23.35,755.95,76.75,12,4,0.525,0.1,20.6,26.13333333,14.75,18.875,31,2,212,7,3,0,156
2018/8/1,17.175,755.55,90,12,3.5,1,0.1,16.275,18.5,8.95,15.475,1,3,213,8,3,0,157
2018/8/2,19.175,759.475,48.5,1,2.25,0.075,0.1,11.55,23.53333333,16,6.125,2,4,214,8,3,0,163
2018/8/3,15.425,758.7,66.25,0,2.75,0.6,0.1,10.975,19.025,16,8.6,3,5,215,8,3,0,147
2018/8/4,17.65,756.425,65.25,3,2.25,0.4,0.1,12.2,20.55,16,10.425,4,6,216,8,3,0,168
2018/8/5,17.2,757.4666667,79.33333333,8,3,0.6,0.1,13.13333333,20.36666667,8.066666667,13.3,5,7,217,8,3,0,147
2018/8/6,19.575,755.65,68.75,3,4,0,0.1,15.825,22.5,15.5,13.45,6,1,218,8,3,0,180
2018/8/7,26.4,754.7,60.5,12,2.5,0.45,0.1,24.3,31.55,16,17.775,7,2,219,8,3,0,150
2018/8/8,26.7,755.25,64.5,0,4,0.4,0.2,21.55,31.8,15,18.025,8,3,220,8,3,0,160
2018/8/9,19.85,754.225,87.75,8,2.25,0.7,0.1,17.8,22.35,3.9,17.65,9,4,221,8,3,0,158
2018/8/10,19.7,753.375,73.75,12,3,0.675,0.1,17.925,22.075,15,14.85,10,5,222,8,3,0,151
2018/8/11,19.2,757.1,66.25,0,3,0.45,0.1,15.56666667,20.825,12.5,12.35,11,6,223,8,3,0,156
2018/8/12,15.575,764,67.5,3,2.5,0.3,0.1,11.1,19.45,16,9.3,12,7,224,8,3,0,145
2018/8/13,22.65,756.5,74.5,3,4,0.4,0.1,20.6,25.55,16,17.775,13,1,225,8,3,0,169
2018/8/14,22.775,754.95,74,8,3.75,0.45,0.1,20.6,25.125,15.5,17.775,14,2,226,8,3,0,175
2018/8/15,23.475,755.55,74.5,8,2.75,0.475,0.1,21.25,25.425,15.5,18.6,15,3,227,8,3,0,174
2018/8/16,24.025,757.75,75.25,3,3.75,0.65,0.1,22.2,26.25,15.5,19.275,16,4,228,8,3,0,177
2018/8/17,23.625,758.725,79.5,3,4,0.775,0.1,22.65,26.225,13.25,19.85,17,5,229,8,3,0,185
2018/8/18,23.05,758.025,78.25,8,3.25,0.4,0.1,22.075,25.525,14.5,19,18,6,230,8,3,0,176
2018/8/19,23.475,755.5,77.25,12,3.25,0.475,0.1,21.25,25.55,12.75,19.15,19,7,231,8,3,0,143
2018/8/20,23.475,755.475,74.75,3,2.25,0.825,0.1,21.825,26.4,13,18.6,20,1,232,8,3,0,153
2018/8/21,23.475,756.55,73.75,8,4,0.725,0.1,21.86666667,25.76666667,14.5,18.45,21,2,233,8,3,0,166
2018/8/22,23.175,757.65,72,8,4.5,0.45,0.1,21.55,25.425,15,17.775,22,3,234,8,3,0,144
2018/8/23,22.65,757.375,74,8,3.75,0.425,0.1,20.6,25.025,13,17.65,23,4,235,8,3,0,192
2018/8/24,22.375,755.85,71.75,8,3.5,0.775,0.1,20.15,25.025,10,16.95,24,5,236,8,3,0,169
2018/8/25,21.675,756.4,75.25,8,4,0.6,0.1,18.45,24.6,10.75,16.95,25,6,237,8,3,0,158
2018/8/26,21.525,757.075,75.75,3,4,0.525,0.1,20,24.45,14.25,16.95,26,7,238,8,3,0,144
2018/8/27,21.5,756.025,72.75,8,4,0.7,0.1,19.55,24.3,14.25,16.275,27,1,239,8,3,0,138
2018/8/28,21.375,756.025,75.75,14,4.75,0.6,0.1,19.025,24,14.75,16.8,28,2,240,8,3,0,163
2018/8/29,22.225,756.3,72.5,3,3.75,0.55,0.1,19.85,24.575,15.5,16.925,29,3,241,8,3,0,157
2018/8/30,21.375,756.175,72.75,0,3.25,0.325,0.1,18.175,24.75,15.5,16.125,30,4,242,8,3,0,180
2018/8/31,21.65,753.825,76.75,0,3.5,0.2,0.6,18.3,25.15,16,17.225,31,5,243,8,3,0,160
2018/9/1,14.175,751.775,90,15,5.25,0.775,0.2,13.2,17.475,9.45,12.5,1,6,244,9,3,0,167
2018/9/2,14.85,757.2,84.75,0,2.75,0.475,0.1,11.425,20.975,11.45,12.225,2,7,245,9,3,0,155
2018/9/3,14.875,757.25,85.25,3,3.25,0.9,0.1,11.7,18.75,11.7,12.225,3,1,246,9,3,0,115
2018/9/4,20,756.225,60.75,8,4,0.275,0.1,13.75,25.275,15.5,11.55,4,2,247,9,3,0,146
2018/9/5,17.6,756.1333333,76.33333333,0,4.666666667,0.533333333,0.1,15.3,20.4,12,13.3,5,3,248,9,3,0,157
2018/9/6,19.85,755.375,70.25,3,4,0.075,0.1,16.55,23.6,16,14.175,6,4,249,9,3,0,162
2018/9/7,26.675,756,59.5,3,3.25,0.725,0.1,22.8,31.4,15.5,17.5,7,5,250,9,3,0,175
2018/9/8,24.975,755.65,74,8,3.75,0.65,0.1,20.725,29.975,14.5,19.725,8,6,251,9,3,0,159
2018/9/9,21.225,753.65,82.25,8,2.75,0.35,0.1,17.8,24.575,9.45,17.8,9,7,252,9,3,0,149
2018/9/10,19.575,753.7,70.25,0,3.5,0.65,0.1,18.325,21.95,15.5,13.875,10,1,253,9,3,0,143
2018/9/11,20.3,758.075,23,0,1.5,0.45,0.1,11.275,25.125,16,-4.15,11,2,254,9,3,0,164
2018/9/12,16.25,763.325,65.5,3,2.5,0.85,0.1,11.7,20.275,16,9.3,12,3,255,9,3,0,164
2018/9/13,21.925,754.8,72.25,3,3.25,0.075,0.1,18.75,24.575,16,16.55,13,4,256,9,3,0,180
2018/9/14,22.35,753.075,67,3,3.75,0,0.1,17.8,26.1,16,15.4,14,5,257,9,3,0,182
2018/9/15,22.075,753.725,71,8,3.75,0.075,0.1,19.4,25.975,16,16.25,15,6,258,9,3,0,150
2018/9/16,21.8,754.875,69.75,0,3.75,0,0.1,17.65,25.7,16,15.825,16,7,259,9,3,0,160
2018/9/17,21.525,754.8,67.25,0,3,0.125,0.1,16.55,25.4,16,14.85,17,1,260,9,3,0,157
2018/9/18,20.35,754.05,70.5,0,2.75,0.225,0.1,16.55,24.45,16,14.475,18,2,261,9,3,0,174
2018/9/19,20.2,752.075,75.75,6,2.5,0.225,0.1,16.25,23.2,15,15.675,19,3,262,9,3,0,140
2018/9/20,20.975,754.125,73.25,3,2.25,0.475,0.1,16.7,23.75,15,15.825,20,4,263,9,3,0,151
2018/9/21,20.66,756.92,76.2,3,3.8,0.48,0.1,18.3,23.05,14.6,16.24,21,5,264,9,3,0,201
2018/9/22,20.225,755.65,80,3,4.75,0.625,0.1,18.175,22.5,14.5,16.625,22,6,265,9,3,0,143
2018/9/23,19.875,754.625,77.25,3,3.25,0.525,0.1,18.3,22.225,16,15.725,23,7,266,9,3,0,133
2018/9/24,19.725,754.7,73.75,3,3.25,0.775,0.1,18.175,21.825,15.5,14.85,24,1,267,9,3,0,139
2018/9/25,18.9,756.025,78.5,0,3.5,0.775,0.1,17.65,21.125,14.5,15,25,2,268,9,3,0,149
2018/9/26,19.45,756.625,81.5,3,2.75,0.65,0.1,17.2,21.425,12.5,16.125,26,3,269,9,3,0,160
2018/9/27,19.3,754.975,84,0,4,0.475,0.1,18.3,21.125,10.1,16.55,27,4,270,9,3,0,159
2018/9/28,19.85,754.9,82,3,2.25,0.95,0.1,18.45,21.675,9.2,16.675,28,5,271,9,3,0,163
2018/9/29,19.875,755.25,74,8,2.25,0.55,0.1,18.75,22.56666667,16,15,29,6,272,9,3,0,152
2018/9/30,20.125,754.475,75.75,13,3,0.4,0.1,16.375,23.6,16,15.575,30,7,273,9,3,0,155
2018/10/1,13.775,759.15,84,0,2.75,0.45,0.1,10,16.55,16,10.975,1,1,274,10,4,1,188
2018/10/2,15.4,755.2,78,0,2,0.825,0.6,13.75,18.2,16,11.525,2,2,275,10,4,0,157
2018/10/3,14.575,757.125,94.25,3,1.75,1,0.1,13.875,15.2,4.8,13.625,3,3,276,10,4,1,151
2018/10/4,19.85,757.575,61.25,3,3.25,0.525,0.1,15.6,25.525,15,11.25,4,4,277,10,4,1,185
2018/10/5,17.5,754.275,77.25,0,3.5,0.6,0.1,15.6,20.025,14,13.325,5,5,278,10,4,1,181
2018/10/6,20.25,754.2,69,8,3.25,0.35,0.1,17.075,22.775,16,14.175,6,6,279,10,4,0,125
2018/10/7,24.8,756.35,69,3,2.75,0.55,0.1,22.35,29.025,15.5,18.475,7,7,280,10,4,1,144
2018/10/8,26.15,757.3,64.5,10,4.25,0.375,0.1,22.8,30.025,15,17.9,8,1,281,10,4,0,151
2018/10/9,22.1,754.075,74.5,8,3.25,0.525,0.1,19.275,25.275,13.25,17.225,9,2,282,10,4,0,190
2018/10/10,19.175,753.9,64.5,12,2.75,0.675,0.1,16.825,21.675,15.5,12.1,10,3,283,10,4,1,187
2018/10/11,18,756.75,34.25,0,3.5,0.575,0.1,14.125,24.3,14.25,-2.65,11,4,284,10,4,1,173
2018/10/12,16.1,759.325,65.75,8,1.25,0.8,0.1,12.65,19.575,16,9.3,12,5,285,10,4,1,216
2018/10/13,19.025,754.825,75,3,4,0.9,0.1,17.65,20.7,16,14.45,13,6,286,10,4,0,150
2018/10/14,19.3,756.35,77.75,3,3,0.6,0.1,18.3,20.575,16,15.3,14,7,287,10,4,0,154
2018/10/15,22.375,758.35,34.25,10,4.25,0.2,0.1,15.6,26.125,16,-3.175,15,1,288,10,4,0,161
2018/10/16,20.4,758.25,39,15,3,0.075,0.1,13.75,25.975,16,3.2,16,2,289,10,4,0,171
2018/10/17,20.15,758.775,52.5,0,3,0,0.1,15,25.425,16,8.325,17,3,290,10,4,0,158
2018/10/18,21.675,758.45,42.5,12,2.25,0,0.1,15.45,26.525,16,7.225,18,4,291,10,4,1,170
2018/10/19,23.875,757.225,34.25,0,3.25,0,0.1,15.45,29.3,16,9.45,19,5,292,10,4,0,185
2018/10/20,23.175,755.7,42.25,0,2.25,0.15,0.1,16.7,29.175,16,10.56666667,20,6,293,10,4,1,155
2018/10/21,19.2,755.36,72.6,0,1.4,0.18,0.1,16.98,24.85,16,13.88,21,7,294,10,4,1,133
2018/10/22,19.425,754.9,76.75,0,2,0.65,0.1,17.65,21.3,13.75,15.125,22,1,295,10,4,1,179
2018/10/23,18.875,755.25,83,0,2.5,0.725,0.1,17.65,20,13.25,15.875,23,2,296,10,4,1,149
2018/10/24,19.3,756.425,82.5,8,1.75,0.475,0.1,15.975,21.675,13.25,16.1,24,3,297,10,4,0,177
2018/10/25,19.575,757.875,81.75,3,3.75,0.525,0.2,17.35,22.225,10,16.25,25,4,298,10,4,0,184
2018/10/26,18.775,757.825,86.75,0,2.75,0.55,0.2,16.55,22.225,4.25,16.4,26,5,299,10,4,1,169
2018/10/27,18.05,757.7,87.25,0,2.25,0.775,0.3,15.6,21.8,9.5,15.85,27,6,300,10,4,0,153
2018/10/28,17.775,757.8,87.5,12,1.75,0.775,0.2,15.45,20.95,6.4,15.575,28,7,301,10,4,0,179
2018/10/29,17.625,756.875,85.25,15,2.25,0.525,0.1,14.4,19.975,5.825,15,29,1,302,10,4,1,170
2018/10/30,18.6,755.75,75,9,2.75,0.275,0.1,15.6,20.7,11.75,13.875,30,2,303,10,4,0,160
2018/10/31,19.7,758.4,64.25,0,2.75,0.35,0.1,13.66666667,22.9,12.25,12.225,31,3,304,10,4,0,196
2018/11/1,14.725,762.725,86.5,0,1.75,0.2,0.1,10.45,17.35,13.5,12.35,1,4,305,11,4,1,194
2018/11/2,15.825,755.05,67.25,0,2.25,0.4,0.1,10.975,18.475,14.25,9.325,2,5,306,11,4,0,198
2018/11/3,16.125,759.475,90,8,2.75,0.9,0.1,13.45,18.53333333,10.2,14.425,3,6,307,11,4,0,170
2018/11/4,17.5,756.875,73.5,15,5.5,0.475,0.1,14.175,22.625,15.5,12.5,4,7,308,11,4,0,137
2018/11/5,16.65,754.05,73.5,8,4,0.95,0.1,15.6,18.325,15,11.8,5,1,309,11,4,1,158
2018/11/6,20.275,752.925,72,8,3.75,0.225,0.1,16.55,23.475,14.75,14.7,6,2,310,11,4,1,158
2018/11/7,23.625,755.275,78,8,4,0.725,0.1,21.7,26.8,14.5,19.425,7,3,311,11,4,0,160
2018/11/8,25.575,756.875,68.25,8,4.25,0.25,0.1,22.8,28.925,16,19.1,8,4,312,11,4,1,152
2018/11/9,21.675,754,72.5,9,3.25,0.575,0.1,19.7,24.425,14.5,16.4,9,5,313,11,4,0,198
2018/11/10,19.725,753.6,55.75,0,4.25,0.475,0.1,17.2,21.95,16,10.425,10,6,314,11,4,0,160
2018/11/11,16.95,759.325,54.75,15,3,0.325,0.1,11.275,22.65,13,6.95,11,7,315,11,4,1,138
2018/11/12,15,758.6,75,14,3,0.25,0.1,11.7,18.325,14.5,10.275,12,1,316,11,4,1,128
2018/11/13,19.1,765.475,19.75,12,2.25,0.45,0.1,11.5,23.7,16,-6.575,13,2,317,11,4,1,168
2018/11/14,19.875,762.675,28.5,0,2.5,0.4,0.1,14.725,24.325,16,-1.65,14,3,318,11,4,0,177
2018/11/15,18.5,759.125,39.25,13,2.5,0.6,0.1,12.65,24.175,16,1.925,15,4,319,11,4,1,156
2018/11/16,17.35,757.75,69.75,0,2.75,0.65,0.1,13.475,22.2,16,11.4,16,5,320,11,4,1,152
2018/11/17,17.2,758.7,78.25,0,2.5,0.8,0.2,14.85,20.525,12,13.2,17,6,321,11,4,0,135
2018/11/18,17.35,758.825,77.25,10,2.25,0.525,0.2,14.275,20.275,7.25,13.05,18,7,322,11,4,0,144
2018/11/19,16.825,758.525,68.75,15,1.5,0.725,0.1,12.525,20.275,8.7,12.96666667,19,1,323,11,4,0,143
2018/11/20,16.375,758.525,73.75,0,3,0.325,0.1,11.7,20,11.25,11.525,20,2,324,11,4,0,171
2018/11/21,16.8,760.675,75,13,2.5,0.65,0.1,12.8,20,11,12.075,21,3,325,11,4,0,177
2018/11/22,16.65,761.75,81.5,12,4,0.7,0.1,14.275,19.15,14,13.325,22,4,326,11,4,0,135
2018/11/23,16.5,760.6,76.5,12,3.25,0.35,0.1,12.8,18.85,16,12.225,23,5,327,11,4,0,115
2018/11/24,16.675,756.175,77.75,12,2.5,0.225,0.1,13.025,19.3,15.5,12.65,24,6,328,11,4,1,141
2018/11/25,17.375,757.975,78.5,2,3.5,0.525,0.1,14.025,20.7,16,13.475,25,7,329,11,4,0,136
2018/11/26,18.75,760.175,42.5,0,2.75,0.35,0.1,13.625,22.8,16,5.275,26,1,330,11,4,1,169
2018/11/27,18.35,758.6,52.5,16,2.5,0.725,0.1,14.125,22.5,16,6.1,27,2,331,11,4,0,141
2018/11/28,16.525,755.925,75.5,8,2.75,0.85,0.1,12.8,19.975,13.75,11.975,28,3,332,11,4,0,170
2018/11/29,15.525,752.85,82.25,12,6.25,0.825,0.1,14.425,18.475,12,12.375,29,4,333,11,4,1,196
2018/11/30,15.425,756,64.75,3,4,0.525,0.1,12.2,17.925,16,8.35,30,5,334,11,4,1,202
2018/12/1,14.325,761.475,91.25,8,1.75,0.6,0.1,11.1,17.1,7.45,12.9,1,6,335,12,4,1,161
2018/12/2,13.75,754.625,66,0,4.25,0.725,0.1,12.525,16.825,15,7.375,2,7,336,12,4,0,147
2018/12/3,15.7,759.775,89.25,9,4,0.9,0.1,14.55,17.925,11.75,13.875,3,1,337,12,4,1,156
2018/12/4,16.675,758.7,42.5,3,7,0.475,0.1,13.175,20.275,16,1.95,4,2,338,12,4,0,175
2018/12/5,16.375,756.925,70.75,3,3.5,0.9,0.1,14.85,18.05,15,10.975,5,3,339,12,4,0,161
2018/12/6,19.875,753.375,76,8,3.5,0.35,0.1,17.2,22.96666667,15.5,15.425,6,4,340,12,4,1,165
2018/12/7,22.925,756.675,77,8,4.5,0.525,0.1,21.55,25.425,15.5,18.6,7,5,341,12,4,0,207
2018/12/8,23.2,756.825,74,8,4.5,0.35,0.1,20.975,26.95,16,18.175,8,6,342,12,4,0,145
2018/12/9,21.65,754.75,72.5,3,3,0.475,0.1,19.85,24.425,15.5,16.25,9,7,343,12,4,1,137
2018/12/10,20.1,752.6,67.6,0,5.6,0.5,0.1,16.375,22.66,15,13.58,10,1,344,12,4,0,151
2018/12/11,18.65,763.9,26,12,1.5,0.225,0.1,10,23.75,16,-3.875,11,2,345,12,4,1,172
2018/12/12,14.85,760.875,82,13,3.25,0.4,0.1,11.1,17.75,10,11.675,12,3,346,12,4,1,179
2018/12/13,16.65,762.675,52.25,5,3,0.35,0.1,10.6,20.675,15.5,7.233333333,13,4,347,12,4,0,172
2018/12/14,16.4,761.5,48,12,3,0.9,0.1,13.75,20.55,16,4.45,14,5,348,12,4,0,171
2018/12/15,15.425,759.9,61.5,8,3.25,0.15,0.1,11.275,18.875,16,9.266666667,15,6,349,12,4,0,166
2018/12/16,14.45,761.075,79.5,8,3.25,0.4,0.1,10.2,17.775,16,10.825,16,7,350,12,4,0,147
2018/12/17,15.7,762.3,82.75,8,3,0.8,0.1,13.625,17.4,15.5,12.65,17,1,351,12,4,0,164
2018/12/18,15.275,762.7,83.75,8,2.25,0.575,0.1,12.65,17.225,11.45,12.5,18,2,352,12,4,1,135
2018/12/19,15.7,761.5,77,0,3,0.433333333,0.1,10.45,19.175,12.5,11.125,19,3,353,12,4,0,149
2018/12/20,16.56,760.26,69.8,3,1.8,0.68,0.1,10,19.78,14.6,10.54,20,4,354,12,4,0,147
2018/12/21,15.7,757.825,83,0,3,0.6,0.1,12.925,18.75,15,12.775,21,5,355,12,4,1,161
2018/12/22,14.575,759.4,86.5,3,2.25,0.6,0.2,10.975,17.35,8.85,12.25,22,6,356,12,4,1,151
2018/12/23,13.775,760.95,90.75,1,3.25,0.775,0.1,10.2,16.675,6.9,12.225,23,7,357,12,4,1,113
2018/12/24,14.725,757.8,86.25,2,2.75,0.7,0.1,12.65,16.675,8,12.375,24,1,358,12,4,1,121
2018/12/25,15.975,753.35,51.5,9,7.5,0.325,0.1,14.275,18.025,16,5.275,25,2,359,12,4,0,83
2018/12/26,14.15,757.775,61,9,3.25,0.35,0.1,9.725,17.475,16,6.525,26,3,360,12,4,0,130
2018/12/27,13.6,756.15,48.25,0,5.25,0.4,0.1,9.275,17.475,16,1.375,27,4,361,12,4,1,126
2018/12/28,12.625,760.6,22.25,0,2.5,0.075,0.1,10,16.375,16,-8.75,28,5,362,12,4,0,138
2018/12/29,11.525,764.4,34,4,2,0.075,0.1,6.125,14.85,16,-5.733333333,29,6,363,12,4,0,119
2018/12/30,12.1,758.75,55.5,15,3,0.35,0.1,6.425,15.7,16,2.775,30,7,364,12,4,1,128
2018/12/31,13.2,755.175,53.25,6,2.5,0.525,0.1,9.275,16.55,16,2.1,31,1,365,12,4,1,151
2019/1/1,11.25,760.475,20.5,0,3.25,0.35,0.1,5,16.125,16,-12.35,1,2,1,1,1,0,125
2019/1/2,13.475,757.225,79,0,3.25,0.8,0.1,9.4,15.975,14.75,9.725,2,3,2,1,1,1,119
2019/1/3,14.875,759.4,81,1,2.25,0.85,0.1,13.3,16.55,12.25,11.525,3,4,3,1,1,1,149
2019/1/4,20.15,755.975,47.5,3,3.25,0.8,0.1,16.4,25.125,16,7.35,4,5,4,1,1,0,139
2019/1/5,15.825,758.025,68.5,3,3.75,0.475,0.1,12.65,18.6,16,9.85,5,6,5,1,1,1,132
2019/1/6,16.55,754.65,75.75,8,3.75,0.95,0.1,15.45,18.325,16,12.2,6,7,6,1,1,0,113
2019/1/7,20.575,756.3,70.25,3,4,0.15,0.1,17.65,23.775,16,14.725,7,1,7,1,1,1,131
2019/1/8,20,757.125,80.25,0,3.5,0.275,0.1,17.2,22.075,14.25,16.425,8,2,8,1,1,0,144
2019/1/9,22.625,754.825,78,5,2.25,0.7,0.1,20.45,25.3,13.75,18.45,9,3,9,1,1,1,153
2019/1/10,19.6,754.6,55.75,6,3.25,0.15,0.1,15,22.65,16,10.425,10,4,10,1,1,1,158
2019/1/11,19.45,759.575,30.5,0,3.25,0,0.1,12.9,25.725,16,-3.6,11,5,11,1,1,0,191
2019/1/12,14.575,760.475,48.75,3,2.5,0.9,0.1,11.425,16.65,16,3.75,12,6,12,1,1,0,142
2019/1/13,12.625,759.425,73.75,12,2.25,0.5375,0.1,8.9,15.2,16,7.875,13,7,13,1,1,1,119
2019/1/14,12.07142857,757.5857143,79.85714286,12,3.428571429,0.885714286,0.1,11.1,15.12,13.28571429,8.514285714,14,1,14,1,1,1,150
2019/1/15,11.95,758.675,87.75,14,3.75,0.925,0.1,10.1375,13.8125,13.6,9.925,15,2,15,1,1,1,173
2019/1/16,14.575,761.825,95.75,8,4.25,0.95,0.1,11.66666667,15.56666667,8.5,13.9,16,3,16,1,1,1,175
2019/1/17,15.66666667,761.7,94.83333333,3,6.666666667,1,0.1,14.71666667,16.1,9.866666667,14.81666667,17,4,17,1,1,1,169
2019/1/18,14.76,763.86,88.8,13,2.8,0.62,0.1,13,16.22,12.8,12.9,18,5,18,1,1,0,170
2019/1/19,17.075,762.875,60.25,3,3.25,0.35,0.1,11.1,20.125,16,8.875,19,6,19,1,1,1,144
2019/1/20,16.125,758.875,72.25,3,5,0.55,0.1,12.65,20.8,16,10.85,20,7,20,1,1,0,119
2019/1/21,14.425,759.65,47.75,6,8.75,0.275,0.1,12.9,17.5,16,4.066666667,21,1,21,1,1,0,128
2019/1/22,14.7,763.9,30.5,8,3.5,0.325,0.1,11.925,17.225,16,-3.9,22,2,22,1,1,1,110
2019/1/23,13.45,764.175,47.75,0,2,0.075,0.1,7.2,17.2,16,1.825,23,3,23,1,1,0,161
2019/1/24,16.8,760.775,41,0,2.25,0.2,0.1,9.8,20.55,16,2.925,24,4,24,1,1,0,156
2019/1/25,16.65,760.85,41,0,2.75,0.275,0.1,10.2,21.8,16,3.075,25,5,25,1,1,1,179
2019/1/26,18.35,762.375,30.25,16,2.5,0.65,0.1,11.275,22.5,16,0.275,26,6,26,1,1,0,139
2019/1/27,17.225,759.975,47.5,8,2.5,0.425,0.1,10.975,21.65,16,4.85,27,7,27,1,1,0,124
2019/1/28,15.275,757.5,65.5,4,2.25,0.725,0.1,11.125,19.45,15.5,8.475,28,1,28,1,1,1,121
2019/1/29,15.95,755.475,82.25,16,2,0.6,0.1,13.175,19.025,11.5,12.775,29,2,29,1,1,1,157
2019/1/30,15,755.725,82.25,0,2,0.725,0.1,12.8,17.65,14.75,11.95,30,3,30,1,1,1,146
2019/1/31,14.025,756.375,82.25,12,3,0.775,0.1,13.05,16,13.75,10.95,31,4,31,1,1,0,172
2019/2/1,11.25,762.675,30.75,8,2.5,0.075,0.6,5.55,15,16,-5.975,1,5,32,2,1,1,157
2019/2/2,13.6,753.65,84.75,12,4.75,0.825,0.2,12.5,15.55,12.25,11,2,6,33,2,1,0,183
2019/2/3,14.425,758.3,94,3,4.75,1,0.1,12.8,15.975,8.8,13.475,3,7,34,2,1,0,157
2019/2/4,16.525,756.2,74.75,8,4.75,0.6,0.1,14.4,21.125,14.5,11.825,4,1,35,2,1,0,151
2019/2/5,15.975,757.175,77.5,3,3,0.6,0.1,12.925,18.725,15.5,11.825,5,2,36,2,1,0,171
2019/2/6,16.8,755.425,74,3,4.25,0.825,0.1,15.15,18.45,16,12.075,6,3,37,2,1,0,122
2019/2/7,20.275,755.45,72.75,9,3.75,0.225,0.1,16.7,23.625,15.5,15.15,7,4,38,2,1,0,166
2019/2/8,20.15,756.225,83.25,8,2.75,0.45,0.1,16.7,22.5,16,17.1,8,5,39,2,1,0,167
2019/2/9,24.575,756.05,72.75,7,2.75,0.5,0.1,20.725,28.625,12.5,19.125,9,6,40,2,1,0,167
2019/2/10,18.625,755.85,60.5,0,3.5,0,0.1,12.6,22.375,16,10.525,10,7,41,2,1,0,128
2019/2/11,18.75,758.375,40.5,3,1.5,0.4,0.1,11.825,24.75,16,3.2,11,1,42,2,1,0,162
2019/2/12,15.575,760.775,55.25,12,2.75,0.85,0.6,11.1,18.475,16,6.1,12,2,43,2,1,0,143
2019/2/13,12.2,756.7,68.5,3,5,1,0.1,11,16.1,11.45,5.85,13,3,44,2,1,0,184
2019/2/14,14.725,753.825,87.25,3,6.5,0.825,0.1,10.975,16.375,9.6,12.625,14,4,45,2,1,1,168
2019/2/15,13.175,760.075,73.5,11,4,0.85,0.1,10.45,15.4,15,8.45,15,5,46,2,1,0,186
2019/2/16,12.35,760.45,59,5,5.25,0.2,0.1,9.275,14.6,16,4.3,16,6,47,2,1,0,139
2019/2/17,11.25,758.525,58.25,0,5.75,0.475,0.1,8.025,13.45,16,3.175,17,7,48,2,1,0,134
2019/2/18,10.975,758.85,38.75,0,4.5,0.2,0.1,8.175,13.75,16,-2.625,18,1,49,2,1,0,139
2019/2/19,11.25,760.775,40,3,3.25,0.15,0.1,7.625,13.875,16,-2.933333333,19,2,50,2,1,0,147
2019/2/20,10.575,754.975,63,0,5.5,0.775,0.1,5.766666667,13.325,16,3.775,20,3,51,2,1,0,143
2019/2/21,9.85,749.225,57.75,15,3.25,0.525,0.1,7.2,12.775,16,1.4,21,4,52,2,1,0,165
2019/2/22,11.65,758.1,39.25,3,4.25,0.15,0.1,5,14.3,16,-1.925,22,5,53,2,1,1,198
2019/2/23,11.275,764.9,59.5,0,3.25,0.325,0.1,5.4,14.875,16,3.35,23,6,54,2,1,0,155
2019/2/24,13.075,761.225,58.25,16,2.75,0.4,0.1,8.025,16.125,16,4.425,24,7,55,2,1,0,143
2019/2/25,13.2,759.675,75.75,0,2.25,0.475,0.1,9.125,16.525,16,8.9,25,1,56,2,1,0,134
2019/2/26,12.9,759.925,81.5,11,2.75,0.65,0.1,8.9,15.95,13.5,9.725,26,2,57,2,1,1,154
2019/2/27,14.3,761.4,72.25,0,2.75,0.85,0.1,12.03333333,15.975,14.25,9.3,27,3,58,2,1,0,152
2019/2/28,14.875,760.725,86.75,1,3.75,0.875,0.1,12.925,16.825,10.7,12.625,28,4,59,2,1,1,191
2019/3/1,13.475,761.875,41.5,0,3,0.15,0.1,7.65,16.675,16,-0.7,1,5,60,3,1,0,178
2019/3/2,12.625,755.25,86.75,3,3.25,0.9,0.1,10.725,14.85,14.5,10.425,2,6,61,3,1,1,142
2019/3/3,13.45,760.15,89.5,5,5.25,0.95,0.1,13.175,15.125,11.75,11.675,3,7,62,3,1,0,133
2019/3/4,15.55,759.25,72.75,8,4,0.8,0.1,14.15,18.35,15,10.575,4,1,63,3,1,1,139
2019/3/5,17.225,756.525,73.75,3,3.75,0.775,0.1,14.4,19.575,12.25,12.35,5,2,64,3,1,1,150
2019/3/6,16.825,755.625,75.25,8,3.75,0.95,0.1,15.825,18.33333333,15,12.35,6,3,65,3,1,0,184
2019/3/7,20.4,755,70.75,3,4,0.55,0.1,17.925,23.325,14.5,14.85,7,4,66,3,1,1,161
2019/3/8,20.275,755.625,84,2,3.25,0.45,0.1,18.175,22.925,14,17.375,8,5,67,3,1,0,163
2019/3/9,24.025,755.1,73.75,8,3,0.525,0.1,20.725,28.775,12.5,18.85,9,6,68,3,1,1,155
2019/3/10,17.8,756.225,74.75,1,3.25,0.075,0.1,12.8,22.8,16,13.05,10,7,69,3,1,1,131
2019/3/11,18.75,756.75,55,12,2.25,0.225,0.1,12.375,24.45,15.5,6.65,11,1,70,3,1,0,133
2019/3/12,16.65,758.75,56.75,9,1.5,1,0.1,12.6,19.15,16,7.8,12,2,71,3,1,1,161
2019/3/13,15.125,758,46.25,0,6.5,0.35,0.1,13.3,20,16,2.775,13,3,72,3,1,1,186
2019/3/14,15.7,762,35.5,0,2,0.15,0.1,9.4,19.725,16,-0.7,14,4,73,3,1,0,170
2019/3/15,17.925,759.75,27.25,12,2.25,0.325,0.1,9.025,22.075,16,-5.25,15,5,74,3,1,0,183
2019/3/16,18.875,757.95,33.75,0,2.75,0,0.1,11.275,23.875,16,1.675,16,6,75,3,1,1,174
2019/3/17,19.875,757.375,40.75,0,2.5,0.15,0.1,13.75,24.875,16,5.1,17,7,76,3,1,0,151
2019/3/18,17.475,757.075,66,6,2,0.3,0.1,13.625,22.9,15,10.275,18,1,77,3,1,1,187
2019/3/19,15.275,757,80.5,3,1.5,0.8,0.1,11.825,18.6,9.6,11.825,19,2,78,3,1,0,160
2019/3/20,15.425,758.9,72.5,3,5.25,0.7,0.1,14,17.775,15,10.425,20,3,79,3,1,1,152
2019/3/21,13.875,760.85,67.75,3,4.75,0.55,0.1,12.2,16.4,16,7.9,21,4,80,3,1,0,175
2019/3/22,13.75,761.8,72.5,8,3,0.575,0.1,9.725,16.95,15.5,8.75,22,5,81,3,1,0,197
2019/3/23,15.275,761.45,75.5,8,4,0.65,0.1,13.45,17.625,16,10.85,23,6,82,3,1,1,119
2019/3/24,15.15,761.725,74.25,15,3.25,0.2,0.1,10.975,18.325,16,10.425,24,7,83,3,1,0,134
2019/3/25,15.125,760.175,71.75,3,3.75,0.075,0.1,10.6,18.6,16,9.85,25,1,84,3,1,1,136
2019/3/26,14.875,758.125,79,3,3.75,0.65,0.1,11.55,18.45,15.5,11.125,26,2,85,3,1,0,168
2019/3/27,15.975,759.6,79.25,8,4.5,0.775,0.1,12.8,18.6,11.4,12.2,27,3,86,3,1,1,137
2019/3/28,15.975,762.55,71.5,5,4.5,0.525,0.1,13.175,18.6,16,10.675,28,4,87,3,1,0,178
2019/3/29,16.825,761.025,55.75,3,4.25,0.45,0.1,11.1,19.725,16,7.075,29,5,88,3,1,0,199
2019/3/30,18.05,758.6,51.5,15,4.25,0.125,0.1,11.46666667,21.825,16,7.375,30,6,89,3,1,1,155
2019/3/31,20.425,757.825,36.5,12,2.75,0.475,0.1,13.3,25.55,16,3.875,31,7,90,3,1,1,134
2019/4/1,12.65,758.325,46.75,3,2.75,0.275,0.1,7.525,16.4,16,0.85,1,1,91,4,2,1,156
2019/4/2,13.75,753.825,76.5,5,6.5,0.9,0.1,11.825,15.15,15.5,9.6,2,2,92,4,2,0,163
2019/4/3,13.9,759.675,74,3,4.5,0.525,0.1,12.65,15.425,16,9.3,3,3,93,4,2,0,157
2019/4/4,15.125,759.35,69,8,4,0.9,0.1,14.025,18.05,15,9.3,4,4,94,4,2,1,157
2019/4/5,17.1,755.225,72.75,8,4,0.775,0.1,15.15,19.3,13.5,12.075,5,5,95,4,2,1,169
2019/4/6,17.225,755.8,78.25,8,3.25,1,0.1,15.275,19.325,12.5,13.325,6,6,96,4,2,1,166
2019/4/7,19.85,756,71.5,8,4.25,0.65,0.1,18.325,22.35,15,14.425,7,7,97,4,2,0,143
2019/4/8,19.725,756.1,85.25,11,3.5,0.575,0.1,17.5,22.35,12.5,17.075,8,1,98,4,2,1,147
2019/4/9,25.425,753.975,61.25,0,3.5,0.35,0.1,22.2,29.025,16,17.225,9,2,99,4,2,0,148
2019/4/10,19.45,757.6,68.75,0,2.25,0.15,0.1,13.3,0,16,12.9,10,3,100,4,2,1,187
2019/4/11,18.75,756.825,65,0,2,0.275,0.1,12.9,23.2,12.05,9.85,11,4,101,4,2,1,150
2019/4/12,15.275,756.8,83,1,1.25,0.75,0.1,13.75,18.05,10,12.35,12,5,102,4,2,0,177
2019/4/13,16.675,757.125,72.5,3,4.25,0.25,0.1,12.525,21.4,16,11.275,13,6,103,4,2,0,154
2019/4/14,14.575,756.35,80.25,8,3.75,0.575,0.1,12.65,18.35,11.6,11.125,14,7,104,4,2,0,116
2019/4/15,13.75,755.3,76.75,3,3.5,0.725,0.1,11.1,16.55,11.8,9.575,15,1,105,4,2,0,127
2019/4/16,15.8,757.7,67.75,0,4.75,0.725,0.1,13.325,17.625,15,9.725,16,2,106,4,2,0,124
2019/4/17,16.825,760.625,66.25,14,3.5,0.4,0.1,12.075,19.975,15,10.125,17,3,107,4,2,0,169
2019/4/18,17.5,759.325,71.5,8,3.5,0.6,0.2,12.65,21.95,15.5,11.8,18,4,108,4,2,0,185
2019/4/19,14.3,756.6,84.5,3,4.5,1,0.1,13.6,18.16666667,8.5,11.675,19,5,109,4,2,1,151
2019/4/20,14.975,757.3,76.75,3,4.25,0.9,0.1,13.875,16.86666667,15.5,10.825,20,6,110,4,2,0,128
2019/4/21,15.55,758.05,70.25,14,4.25,0.6,0.1,13.175,18.05,15.5,9.85,21,7,111,4,2,0,131
2019/4/22,15.85,757.325,74.5,0,3.75,0.375,0.1,12.075,18.35,15.5,11.125,22,1,112,4,2,1,179
2019/4/23,16.4,756.625,80.75,8,3.5,0.525,0.2,13.075,20.125,10.95,12.9,23,2,113,4,2,0,143
2019/4/24,16.925,757.25,80.5,8,3.5,0.525,0.1,14.4,20.53333333,10,13.325,24,3,114,4,2,0,142
2019/4/25,16.625,757.3,78.25,8,4,0.625,0.1,13.9,20.125,10.5,12.65,25,4,115,4,2,0,164
2019/4/26,15.55,757.75,80.5,8,3.75,0.95,0.1,14.275,17.775,10.7,12.1,26,5,116,4,2,0,160
2019/4/27,15.425,756.95,78.75,7,3.5,1,0.1,14.4,17.35,15,11.675,27,6,117,4,2,0,127
2019/4/28,15.975,754.575,75.5,8,2.25,0.875,0.1,15,17.775,16,11.525,28,7,118,4,2,0,115
2019/4/29,16.1,754.275,74.5,8,4.25,0.775,0.1,14.025,18.45,15,11.4,29,1,119,4,2,0,152
2019/4/30,15.15,757.375,73.5,4,3.75,0.825,0.1,13.9,17.775,13.75,10.275,30,2,120,4,2,0,136
2019/5/1,11.34,757.22,76.8,3,3.4,0.96,0.1,9,14.54,16,7.2,1,3,121,5,2,0,171
2019/5/2,10.825,756.025,64.5,12,5,0.55,0.1,10,13.625,15,4.175,2,4,122,5,2,0,160
2019/5/3,13.475,757.575,77.25,8,3,0.65,0.1,8.9,16,15,9.45,3,5,123,5,2,0,176
2019/5/4,15.55,758.475,70.25,8,4.75,0.725,0.1,12.65,18.2,16,10,4,6,124,5,2,0,128
2019/5/5,16.25,754.725,72.5,0,4.25,0.775,0.1,15,18.6,16,11.125,5,7,125,5,2,0,152
2019/5/6,17.225,755.975,84,8,2,1,0.1,15.6,20,10.5,14.4,6,1,126,5,2,0,153
2019/5/7,19.6,757.75,75,8,3.25,0.675,0.1,16.975,22.35,14.75,14.85,7,2,127,5,2,0,124
2019/5/8,19.025,755.85,86,8,3.5,0.525,0.1,16.7,21.675,12.25,16.55,8,3,128,5,2,0,151
2019/5/9,25.4,756.05,58.5,3,3.25,0.4,0.1,21.825,29.3,16,16.4,9,4,129,5,2,0,146
2019/5/10,20.425,757.825,63,3,2.75,0.075,0.1,15.975,23.9,16,12.475,10,5,130,5,2,0,184
2019/5/11,17.925,757.375,77.5,0,3.5,0.366666667,0.1,13.9,21.4,10.5,13.75,11,6,131,5,2,0,148
2019/5/12,15.675,760.275,78.5,8,1.75,0.825,0.1,12.03333333,18.2,14,11.8,12,7,132,5,2,0,125
2019/5/13,17.775,757.725,76.75,8,3.5,0.825,0.1,16.55,20.15,15,13.6,13,1,133,5,2,0,158
2019/5/14,17.1,757.625,81,8,3.75,0.825,0.1,16.275,19.3,14.25,13.75,14,2,134,5,2,0,137
2019/5/15,17.1,756.375,74.25,3,4,1,0.1,15.725,18.6,13.75,12.375,15,3,135,5,2,0,154
2019/5/16,16.825,755.275,68.5,8,8.25,0.6,0.1,15.6,19.4,13,10.825,16,4,136,5,2,0,164
2019/5/17,16.65,757.325,63.75,3,4.75,0.275,0.1,12.8,20,16,9.3,17,5,137,5,2,0,162
2019/5/18,16.1,756.5,70.25,3,4.25,0.725,0.1,12.2,19.725,16,10.4,18,6,138,5,2,0,173
2019/5/19,14.025,754.975,78,3,6,0.75,0.1,11.1,17.775,16,10.15,19,7,139,5,2,0,130
2019/5/20,15.95,755.575,66,3,5.5,0.525,0.1,13.175,18.475,16,9.425,20,1,140,5,2,0,137
2019/5/21,15.975,754.15,68.75,3,5.25,0.725,0.1,13.3,19.4,15.5,10.15,21,2,141,5,2,0,155
2019/5/22,15.975,751.375,61.5,2,6,0.575,0.1,13.3,18.475,16,8.325,22,3,142,5,2,0,172
2019/5/23,15.275,756.75,73,3,3.25,0.775,0.1,13.075,18.025,16,10.425,23,4,143,5,2,0,144
2019/5/24,16.225,756.55,69,8,4.5,0.4,0.1,12.8,18.875,16,10.275,24,5,144,5,2,0,185
2019/5/25,16.375,755.125,72,3,3.5,0.7,0.1,13.45,18.875,16,11.125,25,6,145,5,2,0,126
2019/5/26,14.725,756.1,71.5,0,4.75,0.95,0.1,14,16.825,16,9.55,26,7,146,5,2,0,111
2019/5/27,14.875,757.7,62.25,8,2.75,0.275,0.1,10.4,17.65,16,7.5,27,1,147,5,2,0,112
2019/5/28,15.975,755.675,70,8,4,0.35,0.1,11.825,18.875,16,10.3,28,2,148,5,2,0,147
2019/5/29,17.1,754.45,73.75,3,3.75,0.35,0.1,13.3,19.725,16,12.225,29,3,149,5,2,0,152
2019/5/30,16.825,755.2,78.5,8,3,0.775,0.1,14.7,19.45,10.75,12.925,30,4,150,5,2,0,167
2019/5/31,16.25,755.025,78.75,8,3.25,1,0.1,14.85,18.45,11.75,12.5,31,5,151,5,2,0,163
2019/6/1,13.16363636,760.7272727,72.54545455,9,3.272727273,0.754545455,0.1,9.8,14.58,16,8.163636364,1,6,152,6,2,0,142
2019/6/2,10.15,760.85,37.75,8,4.25,0.15,0.6,7.075,12.5,16,-3.9,2,7,153,6,2,0,154
2019/6/3,14.325,756.925,90.5,8,3.75,0.9,0.1,13.625,16.3,9.25,12.775,3,1,154,6,2,0,135
2019/6/4,16.525,760.1,76.5,3,4.5,0.75,0.1,14.4,18.475,16,12.225,4,2,155,6,2,0,152
2019/6/5,17.075,755.975,66.75,8,6.5,0.725,0.1,14.4,18.7,15.5,10.7,5,3,156,6,2,0,183
2019/6/6,17.5,756.125,83.5,3,3.5,0.933333333,0.1,15.6,19.85,10.55,14.575,6,4,157,6,2,0,163
2019/6/7,18.75,757.75,78.5,3,4,0.95,0.1,17.35,21.375,12.5,14.85,7,5,158,6,2,0,153
2019/6/8,19.725,755.5,83.5,3,4.5,0.575,0.1,17.2,21.825,14.5,16.825,8,6,159,6,2,0,165
2019/6/9,24.45,757.5,62.75,0,4.25,0.275,0.1,21.825,28.5,16,16.8,9,7,160,6,2,0,123
2019/6/10,21.675,757.45,60,0,2,0.075,0.2,15.975,25.425,16,12.775,10,1,161,6,2,0,161
2019/6/11,17.075,757.675,78.5,4,2.25,0.725,0.1,14.4,19.725,8.65,13.2,11,2,162,6,2,0,153
2019/6/12,16.525,761.15,68.75,3,2,0.85,0.1,13.75,19.025,16,10.575,12,3,163,6,2,0,154
2019/6/13,17.5,756.225,80.5,8,3.75,0.875,0.1,16.1,20,13.75,14,13,4,164,6,2,0,149
2019/6/14,17.625,756.375,78.25,11,4.5,0.825,0.1,16.7,19.875,15,13.725,14,5,165,6,2,0,172
2019/6/15,19.05,756,72.25,8,3.75,0.9,0.1,17.2,21.125,16,13.875,15,6,166,6,2,0,159
2019/6/16,18.05,754.8,78.75,3,3.75,0.95,0.1,17.2,20,16,14.3,16,7,167,6,2,0,137
2019/6/17,18.35,755.025,77.75,3,3.25,0.825,0.1,16.7,20.425,15,14.275,17,1,168,6,2,0,132
2019/6/18,18.6,756.675,74.75,3,4,0.875,0.1,17.2,20.575,14.25,14,18,2,169,6,2,0,130
2019/6/19,19.45,757.05,72,8,4,0.725,0.1,17.925,21.4,15,14.15,19,3,170,6,2,0,140
2019/6/20,18.9,756.15,75,3,3.25,0.95,0.1,17.8,20.7,14.5,14.275,20,4,171,6,2,0,140
2019/6/21,18.45,755.625,77,3,3.75,0.9,0.1,16.825,20.4,14.5,14.275,21,5,172,6,2,0,147
2019/6/22,19.175,756.55,72.75,8,4.75,0.725,0.1,17.35,21.4,16,14.025,22,6,173,6,2,0,155
2019/6/23,18.35,756.95,79.5,8,4.25,0.7,0.1,16.7,21.25,13.2,14.575,23,7,174,6,2,0,142
2019/6/24,17.625,755.425,84,8,2.75,0.95,0.1,16.1,19.875,11.75,14.725,24,1,175,6,2,0,146
2019/6/25,17.625,755.55,79.75,3,3.5,1,0.1,17.2,19.325,15,14,25,2,176,6,2,0,116
2019/6/26,17.9,756.725,81.75,1,4.5,0.825,0.1,16.1,19.8,14.5,14.7,26,3,177,6,2,0,147
2019/6/27,19.025,757.4,76.75,3,3.25,0.725,0.1,16.375,21.4,15.5,14.7,27,4,178,6,2,0,179
2019/6/28,19.75,757.5,72.75,0,4.25,0.525,0.1,17.35,22.225,15,14.575,28,5,179,6,2,0,157
2019/6/29,20.8,757.175,66.5,3,2.75,0.6,0.1,16.7,23.75,16,14,29,6,180,6,2,0,166
2019/6/30,21.1,757.2,70,12,4.5,0.35,0.1,18.175,25.6,16,15.15,30,7,181,6,2,0,132
2019/7/1,13,763.3666667,84.33333333,10,4.083333333,0.833333333,0.1,10.6,14.775,10.8,10.34166667,1,1,182,7,3,0,155
2019/7/2,11.25,763.5,47,3,3.25,0.075,0.1,5.725,14.025,16,0.15,2,2,183,7,3,1,146
2019/7/3,13.35,758.5,74.5,3,4.25,0.725,0.1,11.55,15.15,15,8.75,3,3,184,7,3,0,185
2019/7/4,17.375,760.6,74.75,1,2.75,0.6,0.1,13.9,20.525,16,12.625,4,4,185,7,3,0,123
2019/7/5,16.4,759.1,68.5,0,4.25,0.675,0.1,14.4,18.6,15,10.4,5,5,186,7,3,0,157
2019/7/6,17.775,755.225,78.25,3,4,0.9,0.1,16.275,19.43333333,14.75,13.875,6,6,187,7,3,0,142
2019/7/7,19.575,757.125,73.75,3,3.25,0.825,0.1,17.8,21.375,16,14.7,7,7,188,7,3,0,134
2019/7/8,18.625,756.175,87.75,8,3,0.825,0.1,17.375,21.7,12.5,16.55,8,1,189,7,3,1,151
2019/7/9,23.475,755.925,65.5,3,4.25,0.075,0.1,21.125,27.625,16,16.525,9,2,190,7,3,1,151
2019/7/10,20.15,755.85,68.75,6,3.25,0.15,0.2,16.1,25,16,14.025,10,3,191,7,3,0,157
2019/7/11,17.625,759.65,81.5,12,3,0.4,0.1,15,19.575,6.5,14.3,11,4,192,7,3,0,154
2019/7/12,17.5,760.575,74,3,2.25,1,0.1,16.25,18.66666667,16,12.75,12,5,193,7,3,1,165
2019/7/13,19.875,754.6,81.5,0,2.75,0.65,0.1,17.8,23.2,12.25,16.525,13,6,194,7,3,1,158
2019/7/14,19.45,756.75,82,0,2.75,0.825,0.1,17.775,22.225,9.75,16.25,14,7,195,7,3,0,133
2019/7/15,19.175,754.975,85,6,2.5,0.65,0.1,17.2,21.8,9.7,16.525,15,1,196,7,3,0,157
2019/7/16,19.725,753.775,80.5,3,2.5,0.2,0.1,17.075,22.1,13.5,16.25,16,2,197,7,3,0,177
2019/7/17,20.675,756.05,75.25,3,3.5,0.65,0.1,17.925,22.625,15,16.125,17,3,198,7,3,0,128
2019/7/18,19.85,756.625,76,3,4.5,0.575,0.1,18.35,22.5,15,15.425,18,4,199,7,3,0,170
2019/7/19,19.3,756.125,74.75,3,4.25,0.65,0.1,16.825,22.225,15,14.575,19,5,200,7,3,0,174
2019/7/20,20,755.9,73.5,8,4.25,0.525,0.1,17.925,22.5,16,15,20,6,201,7,3,0,172
2019/7/21,19.3,755.8,79,8,4,0.55,0.1,17.2,22.075,16,15.45,21,7,202,7,3,0,142
2019/7/22,19.95,756.875,81,3,3.5,0.575,0.1,17.2,22.65,14.25,16.375,22,1,203,7,3,0,149
2019/7/23,21.55,756.6,76.25,3,4.75,0.55,0.1,18.075,24.175,14.5,17.075,23,2,204,7,3,0,175
2019/7/24,23.475,756.15,68.75,0,3.25,0.575,0.1,19.55,26.675,15.5,17.075,24,3,205,7,3,0,157
2019/7/25,24.05,756.15,64.75,8,3.25,0.55,0.1,21.1,28.2,16,16.8,25,4,206,7,3,0,168
2019/7/26,22.925,757.2,70.5,8,3.5,0.225,0.1,20.3,26.825,15.5,17.1,26,5,207,7,3,0,199
2019/7/27,21.5,756.875,74.75,3,2.75,0.2,0.1,19.025,25.125,16,16.675,27,6,208,7,3,0,158
2019/7/28,19.75,756.425,84.25,3,4.5,0.525,0.1,0,24.45,15,16.95,28,7,209,7,3,0,156
2019/7/29,19.75,755.25,83,1,3.5,0.525,0.1,17.775,22.1,11.75,16.65,29,1,210,7,3,0,162
2019/7/30,20.275,755.55,81.75,3,3.75,0.525,0.1,17.475,22.775,13.5,16.975,30,2,211,7,3,0,145
2019/7/31,19.85,756.9,83.75,12,4.25,0.65,0.1,18.3,23.05,12.25,16.95,31,3,212,7,3,0,157
2019/8/1,14.57777778,760.8666667,76.77777778,0,3.111111111,0.522222222,0.1,10.6,17.56666667,16,10.23333333,1,4,213,8,3,0,127
2019/8/2,11.525,760.175,52.5,3,2.5,0.15,0.1,6.333333333,14.85,16,2.566666667,2,5,214,8,3,0,177
2019/8/3,12.925,758.325,60.75,0,6.75,0.525,0.1,11.275,14.725,16,5.425,3,6,215,8,3,0,150
2019/8/4,20.4,758.7,63.75,1,3,0.675,0.1,14.55,24.175,16,12.8,4,7,216,8,3,0,129
2019/8/5,16.125,757.075,72,1,3.75,1,0.1,15,17.9,16,11,5,1,217,8,3,0,133
2019/8/6,18.475,755.675,77.75,8,3,0.45,0.1,16.55,20.85,15.5,14.425,6,2,218,8,3,0,150
2019/8/7,19.45,757.575,68.75,3,3,0.65,0.1,18.175,21.8,15,13.475,7,3,219,8,3,0,164
2019/8/8,18.075,755.9,89.25,0,3.25,0.825,0.1,16.55,20.3,10.7,16.25,8,4,220,8,3,0,150
2019/8/9,22.05,754.55,62,8,2.75,0.075,0.1,18.3,25.675,16,14.15,9,5,221,8,3,0,167
2019/8/10,19.45,754.35,75.25,0,2.75,0.425,0.1,17.075,23.075,15,14.875,10,6,222,8,3,0,147
2019/8/11,20.15,759.4,65.25,3,2,0.075,0.1,14.03333333,22.775,11.75,13.05,11,7,223,8,3,0,151
2019/8/12,16.4,758.725,80.75,3,4.25,0.65,0.4,15.825,17.93333333,16,13.05,12,1,224,8,3,0,150
2019/8/13,18.475,756.825,86.25,3,3.25,0.575,0.4,16.675,21.275,7.2,16.1,13,2,225,8,3,0,151
2019/8/14,18.875,756.925,83.5,3,3.75,0.45,0.2,16.1,21.7,6.55,15.85,14,3,226,8,3,0,156
2019/8/15,19.7,756.1,78.25,3,4.5,0.575,0.1,16.825,22.9,9.3,15.7,15,4,227,8,3,0,161
2019/8/16,20.4,755.675,73.25,3,2.75,0.65,0.1,17.925,23.625,12.25,15.3,16,5,228,8,3,0,175
2019/8/17,20.825,755.025,67.25,8,3.25,0.7,0.1,18.45,23.45,16,14.45,17,6,229,8,3,0,146
2019/8/18,21.1,755.375,69.75,0,3.75,0.65,0.1,19.425,23.3,16,15.3,18,7,230,8,3,0,131
2019/8/19,21.625,756.15,70.5,0,2.75,0.525,0.1,19.025,24.15,15,15.95,19,1,231,8,3,0,156
2019/8/20,22.225,755.625,69,0,3.25,0.15,0.1,18.75,25.025,16,16.125,20,2,232,8,3,0,182
2019/8/21,22.925,753.075,70.25,6,2.75,0.075,0.1,19.275,25.85,15.5,17.1,21,3,233,8,3,0,149
2019/8/22,22.375,752.3,73.25,1,3.5,0.475,0.1,19.4,25.725,13.2,17.075,22,4,234,8,3,0,172
2019/8/23,22.775,754.225,66.75,3,2.5,0.525,0.1,19.7,26.4,15.5,16,23,5,235,8,3,0,177
2019/8/24,22.775,755.9,73,8,3.75,0.45,0.1,20,26.525,16,17.525,24,6,236,8,3,0,172
2019/8/25,22.925,756.425,72.5,8,3,0.425,0.1,20,25.7,16,17.625,25,7,237,8,3,0,152
2019/8/26,24.025,754.15,71.5,3,3.75,0.525,0.1,20.725,27.625,16,18.325,26,1,238,8,3,0,177
2019/8/27,23.475,753.9,74.25,3,3,0.425,0.1,21.1,26.95,16,18.475,27,2,239,8,3,0,182
2019/8/28,23.175,756.05,72.25,3,4,0.525,0.1,21.25,25.975,15,17.8,28,3,240,8,3,0,163
2019/8/29,23.475,756.65,71.5,0,4.75,0.15,0.1,20.6,26,15.5,17.9,29,4,241,8,3,0,192
2019/8/30,24.175,756,69,0,3.5,0.075,0.1,21.55,26.825,16,17.9,30,5,242,8,3,0,171
2019/8/31,23.475,754.95,73.75,0,3.5,0.3,0.1,20.725,26.675,16,18.35,31,6,243,8,3,0,180
2019/9/1,14.125,761.0875,78.5,10,3,0.5125,0.1,10.03333333,17.725,16,10.3375,1,7,244,9,3,0,168
2019/9/2,12.075,758.625,71.25,2,3.75,0.7,0.1,7.966666667,14.15,16,6.95,2,1,245,9,3,0,130
2019/9/3,12.075,757.95,63.5,2,4,0.675,0.1,8.75,14.85,16,5.125,3,2,246,9,3,0,182
2019/9/4,19.175,757.05,54.5,1,6,0.4,0.1,15.45,23.6,15,8.325,4,3,247,9,3,0,179
2019/9/5,16.4,753.65,74,3,3.25,0.9,0.1,15.6,17.5,15,11.675,5,4,248,9,3,0,170
2019/9/6,18.75,756.875,78.5,3,3.75,0.525,0.1,0,22.2,12.5,14.85,6,5,249,9,3,0,197
2019/9/7,19.85,758.2,73,0,3.5,0.575,0.1,17.925,22.925,15,14.725,7,6,250,9,3,0,178
2019/9/8,19.05,755.55,82,8,2.75,0.45,0.1,15.725,21.275,14.75,15.85,8,7,251,9,3,0,136
2019/9/9,22.05,753.95,69.75,0,3.25,0.425,0.1,18.9,25,15,16.125,9,1,252,9,3,0,168
2019/9/10,19.3,753.9,68.5,0,2,0.775,0.1,17.35,22.1,14.5,13.325,10,2,253,9,3,0,159
2019/9/11,22.55,757.3,38.5,12,2.5,0.15,0.1,16.275,27.775,16,4.975,11,3,254,9,3,0,172
2019/9/12,15,759.625,76.25,3,3,0.225,0.1,11.425,18.05,15.5,10.7,12,4,255,9,3,0,178
2019/9/13,23.925,755.625,69.25,8,3.5,0.225,0.1,20.45,26.125,15.5,17.775,13,5,256,9,3,0,189
2019/9/14,24.425,755,70.75,3,3,0.275,0.3,20,28.025,16,18.475,14,6,257,9,3,0,166
2019/9/15,22.4,754.55,76.75,0,2.25,0.85,0.1,20.3,26.25,7.8,17.925,15,7,258,9,3,0,142
2019/9/16,22.075,755.35,74.25,0,2.5,0.65,0.1,19.55,25.275,12.25,17.225,16,1,259,9,3,0,159
2019/9/17,23.075,755.85,65,1,2.75,0.475,0.1,19.025,25.425,16,15.975,17,2,260,9,3,0,177
2019/9/18,22.1,755.175,71,8,2.75,0.35,0.1,18.3,25.15,16,16.4,18,3,261,9,3,0,146
2019/9/19,21.675,754.1,67.75,14,3.75,0.55,0.1,18.45,24.6,16,15.275,19,4,262,9,3,0,149
2019/9/20,21.65,754.675,69,3,3,0.275,0.1,18.175,24.45,15.5,15.55,20,5,263,9,3,0,194
2019/9/21,22.9,754.225,64,1,4.25,0.075,0.1,18.3,25.975,16,15.575,21,6,264,9,3,0,177
2019/9/22,23.65,754.525,63.75,0,2.75,0.475,0.1,20.45,27.8,16,15.85,22,7,265,9,3,0,166
2019/9/23,21.525,755.85,75,6,2,0.35,0.1,19.55,25.975,16,16.825,23,1,266,9,3,0,132
2019/9/24,22.075,754.225,73.75,12,3,0.225,0.1,18.9,24.85,13,16.975,24,2,267,9,3,0,182
2019/9/25,23.175,753.225,69,8,4,0.525,0.1,18.9,26.375,13.25,16.95,25,3,268,9,3,0,144
2019/9/26,22.625,756.875,70,3,3.75,0.775,0.1,21.675,25.55,16,16.825,26,4,269,9,3,0,165
2019/9/27,21.4,755.15,70.5,3,3.75,0.825,0.1,20.45,23.475,14.75,15.7,27,5,270,9,3,0,169
2019/9/28,20.425,752.55,67.25,14,4.5,0.875,0.1,20,22.03333333,16,14.025,28,6,271,9,3,0,143
2019/9/29,19.7,753.925,54.25,0,3.5,0.275,0.1,16.5,22.375,16,10,29,7,272,9,3,0,148
2019/9/30,19.3,754.225,48.5,8,2.25,0.225,0.1,14.06666667,22.25,16,7.9,30,1,273,9,3,0,135
2019/10/1,13.13333333,760.8333333,84.83333333,9,2,0.733333333,0.1,10,16.44,14.5,10.55,1,2,274,10,4,0,151
2019/10/2,11.1,758.825,69.5,3,4.25,0.675,0.1,9.275,13.6,16,5.275,2,3,275,10,4,0,177
2019/10/3,12.075,756.75,68.75,5,2.75,0.725,0.1,9.066666667,14.875,16,6.375,3,4,276,10,4,0,182
2019/10/4,19.75,759.325,27.75,8,6.5,0.15,0.1,16.1,23.45,16,-1.1,4,5,277,10,4,1,183
2019/10/5,16.65,753.95,72,15,2.75,0.875,0.1,15.725,17.6,15,11.55,5,6,278,10,4,0,161
2019/10/6,20.275,756.875,73.75,3,3,0.675,0.1,17.075,24.025,14.5,15.3,6,7,279,10,4,0,176
2019/10/7,19.575,758.55,78.25,8,3.5,0.525,0.1,17.35,22.075,14.5,15.6,7,1,280,10,4,1,148
2019/10/8,19.725,755.925,80.75,1,4.25,0.225,0.1,16.25,22.225,16,16.225,8,2,281,10,4,0,168
2019/10/9,22.225,754.975,67.25,9,3.75,0.65,0.1,20.725,24.85,15,15.7,9,3,282,10,4,0,136
2019/10/10,21.125,755.2,59.75,16,2.75,0.475,0.3,18.13333333,23.475,16,12.775,10,4,283,10,4,1,151
2019/10/11,17.9,757.525,79.25,0,3,0.525,0.1,15.6,23.3,11.75,14.15,11,5,284,10,4,1,170
2019/10/12,15.125,763,71,8,2.5,0.6,0.1,11.55,18.475,16,9.725,12,6,285,10,4,0,146
2019/10/13,19.05,754.3,68.25,3,2.5,0.2,0.1,15.3,22.925,16,12.775,13,7,286,10,4,0,150
2019/10/14,19.45,756.15,67.5,3,3.75,0.475,0.1,16.825,21.675,15.5,13.2,14,1,287,10,4,1,160
2019/10/15,19.6,757.075,70.5,0,3.25,0.225,0.1,15.15,22.65,14.25,13.9,15,2,288,10,4,1,184
2019/10/16,21.925,754.475,54.75,3,2.75,0.775,0.1,16.1,27.475,16,10.975,16,3,289,10,4,0,174
2019/10/17,19.875,752.95,71.25,0,2.75,0.475,0.1,17.65,22.6,14.25,14.45,17,4,290,10,4,1,155
2019/10/18,20.275,755.3,56.75,6,3.5,0.225,0.1,15.975,23.6,16,10.7,18,5,291,10,4,1,182
2019/10/19,19.725,754.975,62,0,2.75,0.2,0.1,14.725,23.075,16,11.95,19,6,292,10,4,0,145
2019/10/20,22.1,754.825,53.5,12,3,0.15,0.1,15,25.975,14.25,11.375,20,7,293,10,4,0,134
2019/10/21,25.475,757.575,29.5,0,3,0.075,0.1,19.275,29.85,16,5.425,21,1,294,10,4,0,173
2019/10/22,25.975,757.9,29.25,15,2,0,0.1,19.175,32.225,16,5.275,22,2,295,10,4,0,162
2019/10/23,23.6,754.775,44.75,0,3.25,0.075,0.1,17.8,30.3,16,9.725,23,3,296,10,4,1,163
2019/10/24,28.275,756.425,22.5,12,2.25,0.2,0.1,17.8,33.9,16,0.366666667,24,4,297,10,4,0,191
2019/10/25,25.575,756.8,23.25,12,3.25,0.15,0.1,19.025,33.175,16,-0.2,25,5,298,10,4,0,173
2019/10/26,23.075,752.625,40.25,0,3.25,0.275,0.1,17.65,29.85,16,8.533333333,26,6,299,10,4,1,176
2019/10/27,19.3,752.55,68.75,8,3.5,0.675,0.1,17.75,23.75,16,13.325,27,7,300,10,4,0,139
2019/10/28,19.15,756.575,45.25,12,3.25,0.35,0.1,14.4,22.775,16,5.2,28,1,301,10,4,1,140
2019/10/29,17.3,755.75,57.25,9,3.25,0.225,0.1,12.525,21.525,16,8.55,29,2,302,10,4,1,172
2019/10/30,19.6,760.4,23.25,13,3.75,0.2,0.1,14,23.6,16,-10,30,3,303,10,4,0,138
2019/10/31,19.025,760.525,10,12,4.25,0,0.1,11.825,24.725,16,-13.625,31,4,304,10,4,0,170
2019/11/1,13.15,759.5,85.33333333,0,2.666666667,0.9,0.1,11.88,15.91666667,10.66666667,10.68333333,1,5,305,11,4,1,188
2019/11/2,11.125,761.6,51.5,1,3.25,0.225,0.1,7.066666667,13.475,16,1.25,2,6,306,11,4,0,139
2019/11/3,14.45,754.2,57,8,2.75,0.9,0.1,9.55,17.075,16,5.275,3,7,307,11,4,0,134
2019/11/4,16.55,756.125,58.75,8,5,0.525,0.1,13.175,21.4,16,8.325,4,1,308,11,4,1,170
2019/11/5,18.05,755.675,71.5,3,3.5,0.8,0.1,15,20.9,16,12.5,5,2,309,11,4,0,168
2019/11/6,20.125,757.25,78.75,3,3.75,0.8,0.1,17.2,24.575,15.5,16.275,6,3,310,11,4,0,168
2019/11/7,20.025,756.825,78.25,3,3.5,0.4,0.1,17.8,22.35,14,15.975,7,4,311,11,4,1,168
2019/11/8,19.575,756.65,84.5,8,2.75,0.525,0.1,16.825,22.5,16,16.675,8,5,312,11,4,1,195
2019/11/9,21.775,756.7,71,4,4,0.55,0.1,19.025,24.75,15,16.125,9,6,313,11,4,1,154
2019/11/10,23.8,755.575,23.75,1,3.5,0.325,0.1,14.275,28.75,16,-4.45,10,7,314,11,4,0,119
2019/11/11,17.9,758.55,74.5,12,3,0.65,0.1,16.95,19.85,10,13.2,11,1,315,11,4,1,128
2019/11/12,15,762.325,68.25,1,2.5,0.575,0.1,10.825,18.2,16,8.9,12,2,316,11,4,1,151
2019/11/13,17.225,758.15,75.75,0,2.5,0.775,0.1,15.975,19.45,10.4,12.775,13,3,317,11,4,0,161
2019/11/14,17.225,760.125,74.5,14,2.25,0.725,0.1,13.9,19.45,12.5,12.525,14,4,318,11,4,1,147
2019/11/15,17.075,759.275,76,12,2.25,0.85,0.1,14.26666667,19.575,13,12.775,15,5,319,11,4,0,160
2019/11/16,18.05,757.05,76.5,10,2.5,0.075,0.1,13.13333333,20.825,12.75,13.75,16,6,320,11,4,1,140
2019/11/17,24.45,756.55,33.25,13,2.5,0.075,0.1,13.625,28.875,16,12.2,17,7,321,11,4,1,146
2019/11/18,23.225,754.275,27.75,3,3.75,0.325,0.1,16.975,30.575,16,1.8,18,1,322,11,4,1,148
2019/11/19,19.175,749.55,56.75,12,3.5,0.675,0.1,16.7,26.375,16,9.025,19,2,323,11,4,1,124
2019/11/20,14.575,748.075,67.5,15,5.25,0.85,0.1,13.9,17.6,15,8.6,20,3,324,11,4,1,139
2019/11/21,15.85,755.55,64.75,12,3,0.4,0.1,11.7,18.13333333,16,9.15,21,4,325,11,4,1,149
2019/11/22,16.95,760.775,62.5,0,3.5,0.45,0.1,13.175,19.725,16,9.55,22,5,326,11,4,0,164
2019/11/23,18.075,760.3,50.75,0,2.5,0.475,0.1,13.75,21.825,16,6.925,23,6,327,11,4,1,124
2019/11/24,18.075,758.85,46.5,13,2.75,0.275,0.1,12.525,22.8,16,5.575,24,7,328,11,4,0,108
2019/11/25,15.85,754.4,68.25,0,3.5,0.275,0.1,11.425,20.975,16,9.9,25,1,329,11,4,1,103
2019/11/26,16.525,754.55,31,3,3,0.6,0.1,13.16666667,18.875,15.5,-1.25,26,2,330,11,4,0,95
2019/11/27,13.05,749.5,63.25,12,5.25,0.825,0.6,12.075,16.65,13.5,5.975,27,3,331,11,4,0,93
2019/11/28,9.725,747.925,80.75,12,5.25,0.9,0.1,9.15,12.225,14,6.55,28,4,332,11,4,0,49
2019/11/29,10.85,755.125,66.5,2,3.25,0.45,0.1,6.1,13.075,16,4.575,29,5,333,11,4,0,43
2019/11/30,12.5,761.375,58.75,4,2.5,0.775,0.6,6.825,15,16,4.3,30,6,334,11,4,1,11
