date,accident
2012/7/1,119
2012/7/2,113
2012/7/3,150
2012/7/4,65
2012/7/5,107
2012/7/6,147
2012/7/7,98
2012/7/8,70
2012/7/9,104
2012/7/10,123
2012/7/11,110
2012/7/12,131
2012/7/13,128
2012/7/14,110
2012/7/15,108
2012/7/16,100
2012/7/17,137
2012/7/18,127
2012/7/19,118
2012/7/20,142
2012/7/21,120
2012/7/22,98
2012/7/23,109
2012/7/24,139
2012/7/25,131
2012/7/26,159
2012/7/27,145
2012/7/28,116
2012/7/29,84
2012/7/30,124
2012/7/31,122
2012/8/1,126
2012/8/2,123
2012/8/3,129
2012/8/4,125
2012/8/5,102
2012/8/6,113
2012/8/7,126
2012/8/8,117
2012/8/9,123
2012/8/10,139
2012/8/11,108
2012/8/12,109
2012/8/13,85
2012/8/14,129
2012/8/15,127
2012/8/16,136
2012/8/17,128
2012/8/18,116
2012/8/19,95
2012/8/20,89
2012/8/21,101
2012/8/22,105
2012/8/23,142
2012/8/24,135
2012/8/25,90
2012/8/26,93
2012/8/27,88
2012/8/28,102
2012/8/29,112
2012/8/30,123
2012/8/31,158
2012/9/1,93
2012/9/2,80
2012/9/3,60
2012/9/4,115
2012/9/5,132
2012/9/6,127
2012/9/7,163
2012/9/8,116
2012/9/9,99
2012/9/10,121
2012/9/11,103
2012/9/12,137
2012/9/13,135
2012/9/14,120
2012/9/15,134
2012/9/16,93
2012/9/17,115
2012/9/18,126
2012/9/19,130
2012/9/20,124
2012/9/21,137
2012/9/22,137
2012/9/23,97
2012/9/24,111
2012/9/25,130
2012/9/26,105
2012/9/27,130
2012/9/28,133
2012/9/29,109
2012/9/30,95
2012/10/1,104
2012/10/2,136
2012/10/3,115
2012/10/4,106
2012/10/5,151
2012/10/6,114
2012/10/7,96
2012/10/8,76
2012/10/9,112
2012/10/10,117
2012/10/11,140
2012/10/12,130
2012/10/13,128
2012/10/14,112
2012/10/15,126
2012/10/16,109
2012/10/17,116
2012/10/18,139
2012/10/19,158
2012/10/20,142
2012/10/21,73
2012/10/22,113
2012/10/23,97
2012/10/24,99
2012/10/25,119
2012/10/26,131
2012/10/27,117
2012/10/28,65
2012/10/29,59
2012/10/30,79
2012/10/31,118
2012/11/1,70
2012/11/2,63
2012/11/3,50
2012/11/4,62
2012/11/5,80
2012/11/6,104
2012/11/7,130
2012/11/8,92
2012/11/9,153
2012/11/10,81
2012/11/11,91
2012/11/12,115
2012/11/13,140
2012/11/14,131
2012/11/15,117
2012/11/16,124
2012/11/17,126
2012/11/18,76
2012/11/19,112
2012/11/20,148
2012/11/21,131
2012/11/22,58
2012/11/23,61
2012/11/24,86
2012/11/25,80
2012/11/26,104
2012/11/27,126
2012/11/28,109
2012/11/29,123
2012/11/30,122
2012/12/1,105
2012/12/2,109
2012/12/3,103
2012/12/4,117
2012/12/5,117
2012/12/6,129
2012/12/7,151
2012/12/8,138
2012/12/9,99
2012/12/10,99
2012/12/11,137
2012/12/12,126
2012/12/13,112
2012/12/14,145
2012/12/15,113
2012/12/16,90
2012/12/17,121
2012/12/18,129
2012/12/19,119
2012/12/20,137
2012/12/21,149
2012/12/22,105
2012/12/23,67
2012/12/24,74
2012/12/25,51
2012/12/26,91
2012/12/27,102
2012/12/28,102
2012/12/29,82
2012/12/30,101
2012/12/31,83
2013/1/1,73
2013/1/2,65
2013/1/3,107
2013/1/4,99
2013/1/5,73
2013/1/6,72
2013/1/7,83
2013/1/8,92
2013/1/9,89
2013/1/10,120
2013/1/11,136
2013/1/12,74
2013/1/13,74
2013/1/14,94
2013/1/15,109
2013/1/16,101
2013/1/17,110
2013/1/18,140
2013/1/19,102
2013/1/20,79
2013/1/21,57
2013/1/22,97
2013/1/23,104
2013/1/24,119
2013/1/25,122
2013/1/26,113
2013/1/27,91
2013/1/28,98
2013/1/29,100
2013/1/30,108
2013/1/31,116
2013/2/1,132
2013/2/2,105
2013/2/3,71
2013/2/4,88
2013/2/5,117
2013/2/6,110
2013/2/7,103
2013/2/8,108
2013/2/9,82
2013/2/10,80
2013/2/11,87
2013/2/12,95
2013/2/13,113
2013/2/14,109
2013/2/15,139
2013/2/16,87
2013/2/17,89
2013/2/18,82
2013/2/19,111
2013/2/20,82
2013/2/21,108
2013/2/22,118
2013/2/23,113
2013/2/24,89
2013/2/25,97
2013/2/26,115
2013/2/27,123
2013/2/28,103
2013/2/29,103
2013/3/1,111
2013/3/2,103
2013/3/3,93
2013/3/4,114
2013/3/5,99
2013/3/6,103
2013/3/7,109
2013/3/8,134
2013/3/9,122
2013/3/10,78
2013/3/11,90
2013/3/12,134
2013/3/13,134
2013/3/14,116
2013/3/15,133
2013/3/16,102
2013/3/17,89
2013/3/18,124
2013/3/19,91
2013/3/20,108
2013/3/21,90
2013/3/22,108
2013/3/23,104
2013/3/24,99
2013/3/25,97
2013/3/26,91
2013/3/27,94
2013/3/28,128
2013/3/29,112
2013/3/30,95
2013/3/31,80
2013/4/1,91
2013/4/2,93
2013/4/3,109
2013/4/4,99
2013/4/5,122
2013/4/6,125
2013/4/7,106
2013/4/8,109
2013/4/9,118
2013/4/10,125
2013/4/11,101
2013/4/12,135
2013/4/13,120
2013/4/14,112
2013/4/15,107
2013/4/16,129
2013/4/17,120
2013/4/18,124
2013/4/19,120
2013/4/20,117
2013/4/21,64
2013/4/22,118
2013/4/23,109
2013/4/24,111
2013/4/25,105
2013/4/26,135
2013/4/27,106
2013/4/28,88
2013/4/29,113
2013/4/30,127
2013/5/1,121
2013/5/2,113
2013/5/3,132
2013/5/4,144
2013/5/5,104
2013/5/6,112
2013/5/7,120
2013/5/8,139
2013/5/9,128
2013/5/10,140
2013/5/11,114
2013/5/12,96
2013/5/13,113
2013/5/14,117
2013/5/15,101
2013/5/16,127
2013/5/17,162
2013/5/18,114
2013/5/19,105
2013/5/20,142
2013/5/21,139
2013/5/22,130
2013/5/23,171
2013/5/24,147
2013/5/25,101
2013/5/26,93
2013/5/27,72
2013/5/28,121
2013/5/29,130
2013/5/30,142
2013/5/31,151
2013/6/1,117
2013/6/2,96
2013/6/3,142
2013/6/4,123
2013/6/5,107
2013/6/6,129
2013/6/7,163
2013/6/8,102
2013/6/9,108
2013/6/10,124
2013/6/11,118
2013/6/12,138
2013/6/13,115
2013/6/14,157
2013/6/15,123
2013/6/16,97
2013/6/17,117
2013/6/18,127
2013/6/19,143
2013/6/20,111
2013/6/21,159
2013/6/22,121
2013/6/23,93
2013/6/24,155
2013/6/25,130
2013/6/26,134
2013/6/27,136
2013/6/28,136
2013/6/29,113
2013/6/30,105
2013/7/1,134
2013/7/2,116
2013/7/3,123
2013/7/4,65
2013/7/5,103
2013/7/6,81
2013/7/7,93
2013/7/8,122
2013/7/9,114
2013/7/10,127
2013/7/11,126
2013/7/12,137
2013/7/13,106
2013/7/14,91
2013/7/15,118
2013/7/16,116
2013/7/17,117
2013/7/18,130
2013/7/19,158
2013/7/20,105
2013/7/21,83
2013/7/22,108
2013/7/23,114
2013/7/24,139
2013/7/25,118
2013/7/26,154
2013/7/27,124
2013/7/28,101
2013/7/29,131
2013/7/30,115
2013/7/31,129
2013/8/1,126
2013/8/2,132
2013/8/3,113
2013/8/4,103
2013/8/5,113
2013/8/6,115
2013/8/7,102
2013/8/8,122
2013/8/9,111
2013/8/10,108
2013/8/11,83
2013/8/12,108
2013/8/13,126
2013/8/14,128
2013/8/15,139
2013/8/16,151
2013/8/17,99
2013/8/18,106
2013/8/19,100
2013/8/20,112
2013/8/21,127
2013/8/22,127
2013/8/23,139
2013/8/24,92
2013/8/25,99
2013/8/26,106
2013/8/27,120
2013/8/28,110
2013/8/29,122
2013/8/30,109
2013/8/31,93
2013/9/1,84
2013/9/2,77
2013/9/3,122
2013/9/4,127
2013/9/5,107
2013/9/6,103
2013/9/7,135
2013/9/8,94
2013/9/9,133
2013/9/10,145
2013/9/11,130
2013/9/12,149
2013/9/13,145
2013/9/14,115
2013/9/15,96
2013/9/16,128
2013/9/17,124
2013/9/18,102
2013/9/19,134
2013/9/20,132
2013/9/21,118
2013/9/22,119
2013/9/23,135
2013/9/24,131
2013/9/25,109
2013/9/26,110
2013/9/27,109
2013/9/28,130
2013/9/29,105
2013/9/30,117
2013/10/1,123
2013/10/2,133
2013/10/3,129
2013/10/4,148
2013/10/5,112
2013/10/6,78
2013/10/7,121
2013/10/8,116
2013/10/9,105
2013/10/10,122
2013/10/11,158
2013/10/12,114
2013/10/13,101
2013/10/14,74
2013/10/15,118
2013/10/16,131
2013/10/17,114
2013/10/18,147
2013/10/19,112
2013/10/20,111
2013/10/21,115
2013/10/22,101
2013/10/23,131
2013/10/24,152
2013/10/25,124
2013/10/26,123
2013/10/27,98
2013/10/28,126
2013/10/29,118
2013/10/30,124
2013/10/31,124
2013/11/1,164
2013/11/2,115
2013/11/3,88
2013/11/4,107
2013/11/5,116
2013/11/6,135
2013/11/7,118
2013/11/8,139
2013/11/9,138
2013/11/10,102
2013/11/11,104
2013/11/12,136
2013/11/13,113
2013/11/14,134
2013/11/15,147
2013/11/16,111
2013/11/17,88
2013/11/18,111
2013/11/19,119
2013/11/20,116
2013/11/21,140
2013/11/22,161
2013/11/23,116
2013/11/24,99
2013/11/25,131
2013/11/26,204
2013/11/27,122
2013/11/28,70
2013/11/29,84
2013/11/30,96
2013/12/1,84
2013/12/2,111
2013/12/3,125
2013/12/4,114
2013/12/5,111
2013/12/6,170
2013/12/7,117
2013/12/8,95
2013/12/9,114
2013/12/10,109
2013/12/11,131
2013/12/12,149
2013/12/13,156
2013/12/14,124
2013/12/15,94
2013/12/16,139
2013/12/17,114
2013/12/18,141
2013/12/19,119
2013/12/20,129
2013/12/21,95
2013/12/22,109
2013/12/23,134
2013/12/24,81
2013/12/25,38
2013/12/26,84
2013/12/27,101
2013/12/28,103
2013/12/29,74
2013/12/30,98
2013/12/31,91
2014/1/1,76
2014/1/2,91
2014/1/3,69
2014/1/4,58
2014/1/5,43
2014/1/6,97
2014/1/7,91
2014/1/8,99
2014/1/9,120
2014/1/10,138
2014/1/11,90
2014/1/12,78
2014/1/13,91
2014/1/14,115
2014/1/15,131
2014/1/16,132
2014/1/17,130
2014/1/18,79
2014/1/19,62
2014/1/20,68
2014/1/21,160
2014/1/22,120
2014/1/23,135
2014/1/24,136
2014/1/25,89
2014/1/26,71
2014/1/27,101
2014/1/28,109
2014/1/29,117
2014/1/30,133
2014/1/31,111
2014/2/1,86
2014/2/2,80
2014/2/3,132
2014/2/4,112
2014/2/5,99
2014/2/6,111
2014/2/7,130
2014/2/8,85
2014/2/9,61
2014/2/10,140
2014/2/11,123
2014/2/12,133
2014/2/13,65
2014/2/14,147
2014/2/15,75
2014/2/16,79
2014/2/17,56
2014/2/18,90
2014/2/19,120
2014/2/20,119
2014/2/21,134
2014/2/22,101
2014/2/23,80
2014/2/24,124
2014/2/25,100
2014/2/26,107
2014/2/27,96
2014/2/28,129
2014/2/29,129
2014/3/1,98
2014/3/2,58
2014/3/3,83
2014/3/4,99
2014/3/5,92
2014/3/6,112
2014/3/7,102
2014/3/8,102
2014/3/9,74
2014/3/10,88
2014/3/11,106
2014/3/12,108
2014/3/13,103
2014/3/14,123
2014/3/15,106
2014/3/16,94
2014/3/17,113
2014/3/18,115
2014/3/19,107
2014/3/20,127
2014/3/21,113
2014/3/22,95
2014/3/23,93
2014/3/24,92
2014/3/25,93
2014/3/26,109
2014/3/27,114
2014/3/28,104
2014/3/29,119
2014/3/30,90
2014/3/31,104
2014/4/1,116
2014/4/2,117
2014/4/3,119
2014/4/4,121
2014/4/5,116
2014/4/6,106
2014/4/7,85
2014/4/8,127
2014/4/9,109
2014/4/10,144
2014/4/11,149
2014/4/12,108
2014/4/13,96
2014/4/14,105
2014/4/15,100
2014/4/16,122
2014/4/17,118
2014/4/18,97
2014/4/19,105
2014/4/20,82
2014/4/21,84
2014/4/22,99
2014/4/23,134
2014/4/24,142
2014/4/25,136
2014/4/26,119
2014/4/27,86
2014/4/28,107
2014/4/29,117
2014/4/30,152
2014/5/1,123
2014/5/2,134
2014/5/3,141
2014/5/4,96
2014/5/5,115
2014/5/6,127
2014/5/7,145
2014/5/8,132
2014/5/9,115
2014/5/10,119
2014/5/11,94
2014/5/12,140
2014/5/13,114
2014/5/14,149
2014/5/15,140
2014/5/16,150
2014/5/17,133
2014/5/18,114
2014/5/19,110
2014/5/20,133
2014/5/21,131
2014/5/22,132
2014/5/23,138
2014/5/24,97
2014/5/25,79
2014/5/26,59
2014/5/27,123
2014/5/28,109
2014/5/29,154
2014/5/30,147
2014/5/31,125
2014/6/1,122
2014/6/2,104
2014/6/3,137
2014/6/4,130
2014/6/5,123
2014/6/6,180
2014/6/7,128
2014/6/8,99
2014/6/9,105
2014/6/10,108
2014/6/11,135
2014/6/12,122
2014/6/13,156
2014/6/14,116
2014/6/15,76
2014/6/16,119
2014/6/17,133
2014/6/18,143
2014/6/19,142
2014/6/20,159
2014/6/21,97
2014/6/22,85
2014/6/23,109
2014/6/24,128
2014/6/25,122
2014/6/26,129
2014/6/27,139
2014/6/28,123
2014/6/29,109
2014/6/30,140
2014/7/1,111
2014/7/2,144
2014/7/3,131
2014/7/4,65
2014/7/5,78
2014/7/6,79
2014/7/7,117
2014/7/8,129
2014/7/9,106
2014/7/10,122
2014/7/11,123
2014/7/12,96
2014/7/13,99
2014/7/14,117
2014/7/15,126
2014/7/16,119
2014/7/17,150
2014/7/18,132
2014/7/19,102
2014/7/20,67
2014/7/21,110
2014/7/22,120
2014/7/23,125
2014/7/24,122
2014/7/25,127
2014/7/26,101
2014/7/27,90
2014/7/28,116
2014/7/29,102
2014/7/30,130
2014/7/31,146
2014/8/1,162
2014/8/2,106
2014/8/3,95
2014/8/4,99
2014/8/5,126
2014/8/6,116
2014/8/7,133
2014/8/8,124
2014/8/9,106
2014/8/10,99
2014/8/11,118
2014/8/12,101
2014/8/13,119
2014/8/14,144
2014/8/15,100
2014/8/16,106
2014/8/17,90
2014/8/18,118
2014/8/19,109
2014/8/20,111
2014/8/21,125
2014/8/22,142
2014/8/23,109
2014/8/24,76
2014/8/25,102
2014/8/26,126
2014/8/27,103
2014/8/28,145
2014/8/29,103
2014/8/30,88
2014/8/31,83
2014/9/1,59
2014/9/2,122
2014/9/3,117
2014/9/4,130
2014/9/5,133
2014/9/6,114
2014/9/7,91
2014/9/8,105
2014/9/9,125
2014/9/10,119
2014/9/11,124
2014/9/12,133
2014/9/13,109
2014/9/14,99
2014/9/15,108
2014/9/16,127
2014/9/17,126
2014/9/18,149
2014/9/19,129
2014/9/20,121
2014/9/21,127
2014/9/22,104
2014/9/23,137
2014/9/24,140
2014/9/25,108
2014/9/26,135
2014/9/27,132
2014/9/28,96
2014/9/29,113
2014/9/30,124
2014/10/1,103
2014/10/2,116
2014/10/3,131
2014/10/4,100
2014/10/5,107
2014/10/6,114
2014/10/7,118
2014/10/8,133
2014/10/9,123
2014/10/10,117
2014/10/11,116
2014/10/12,101
2014/10/13,88
2014/10/14,134
2014/10/15,111
2014/10/16,106
2014/10/17,146
2014/10/18,97
2014/10/19,86
2014/10/20,118
2014/10/21,113
2014/10/22,143
2014/10/23,141
2014/10/24,128
2014/10/25,108
2014/10/26,112
2014/10/27,120
2014/10/28,118
2014/10/29,119
2014/10/30,147
2014/10/31,138
2014/11/1,150
2014/11/2,109
2014/11/3,100
2014/11/4,102
2014/11/5,114
2014/11/6,135
2014/11/7,128
2014/11/8,110
2014/11/9,94
2014/11/10,107
2014/11/11,107
2014/11/12,109
2014/11/13,157
2014/11/14,128
2014/11/15,112
2014/11/16,92
2014/11/17,133
2014/11/18,146
2014/11/19,130
2014/11/20,151
2014/11/21,142
2014/11/22,104
2014/11/23,77
2014/11/24,139
2014/11/25,128
2014/11/26,136
2014/11/27,54
2014/11/28,82
2014/11/29,78
2014/11/30,79
2014/12/1,123
2014/12/2,131
2014/12/3,104
2014/12/4,149
2014/12/5,164
2014/12/6,148
2014/12/7,108
2014/12/8,109
2014/12/9,123
2014/12/10,144
2014/12/11,144
2014/12/12,160
2014/12/13,124
2014/12/14,81
2014/12/15,121
2014/12/16,134
2014/12/17,119
2014/12/18,130
2014/12/19,150
2014/12/20,96
2014/12/21,75
2014/12/22,117
2014/12/23,139
2014/12/24,86
2014/12/25,39
2014/12/26,76
2014/12/27,82
2014/12/28,55
2014/12/29,79
2014/12/30,109
2014/12/31,77
2015/1/1,65
2015/1/2,87
2015/1/3,97
2015/1/4,57
2015/1/5,71
2015/1/6,100
2015/1/7,95
2015/1/8,128
2015/1/9,141
2015/1/10,84
2015/1/11,63
2015/1/12,99
2015/1/13,124
2015/1/14,105
2015/1/15,126
2015/1/16,114
2015/1/17,94
2015/1/18,88
2015/1/19,58
2015/1/20,96
2015/1/21,91
2015/1/22,98
2015/1/23,138
2015/1/24,79
2015/1/25,73
2015/1/26,70
2015/1/27,24
2015/1/28,83
2015/1/29,93
2015/1/30,122
2015/1/31,113
2015/2/1,65
2015/2/2,79
2015/2/3,120
2015/2/4,107
2015/2/5,115
2015/2/6,142
2015/2/7,81
2015/2/8,68
2015/2/9,90
2015/2/10,111
2015/2/11,102
2015/2/12,88
2015/2/13,175
2015/2/14,100
2015/2/15,95
2015/2/16,88
2015/2/17,107
2015/2/18,119
2015/2/19,112
2015/2/20,146
2015/2/21,87
2015/2/22,78
2015/2/23,109
2015/2/24,77
2015/2/25,14
2015/2/26,18
2015/2/27,77
2015/2/28,100
2015/2/29,100
2015/3/1,98
2015/3/2,119
2015/3/3,95
2015/3/4,111
2015/3/5,121
2015/3/6,209
2015/3/7,131
2015/3/8,84
2015/3/9,121
2015/3/10,111
2015/3/11,116
2015/3/12,112
2015/3/13,112
2015/3/14,120
2015/3/15,91
2015/3/16,108
2015/3/17,100
2015/3/18,109
2015/3/19,101
2015/3/20,93
2015/3/21,85
2015/3/22,96
2015/3/23,110
2015/3/24,119
2015/3/25,104
2015/3/26,91
2015/3/27,105
2015/3/28,89
2015/3/29,95
2015/3/30,116
2015/3/31,125
2015/4/1,142
2015/4/2,161
2015/4/3,97
2015/4/4,97
2015/4/5,83
2015/4/6,97
2015/4/7,126
2015/4/8,108
2015/4/9,104
2015/4/10,100
2015/4/11,127
2015/4/12,91
2015/4/13,112
2015/4/14,108
2015/4/15,117
2015/4/16,112
2015/4/17,151
2015/4/18,122
2015/4/19,87
2015/4/20,136
2015/4/21,131
2015/4/22,116
2015/4/23,134
2015/4/24,151
2015/4/25,116
2015/4/26,86
2015/4/27,105
2015/4/28,130
2015/4/29,137
2015/4/30,139
2015/5/1,149
2015/5/2,95
2015/5/3,117
2015/5/4,102
2015/5/5,125
2015/5/6,126
2015/5/7,126
2015/5/8,132
2015/5/9,103
2015/5/10,93
2015/5/11,135
2015/5/12,133
2015/5/13,135
2015/5/14,145
2015/5/15,191
2015/5/16,157
2015/5/17,102
2015/5/18,116
2015/5/19,117
2015/5/20,141
2015/5/21,128
2015/5/22,138
2015/5/23,89
2015/5/24,84
2015/5/25,51
2015/5/26,140
2015/5/27,151
2015/5/28,152
2015/5/29,148
2015/5/30,133
2015/5/31,128
2015/6/1,127
2015/6/2,126
2015/6/3,149
2015/6/4,126
2015/6/5,143
2015/6/6,108
2015/6/7,96
2015/6/8,129
2015/6/9,120
2015/6/10,136
2015/6/11,125
2015/6/12,111
2015/6/13,69
2015/6/14,105
2015/6/15,113
2015/6/16,122
2015/6/17,139
2015/6/18,124
2015/6/19,146
2015/6/20,82
2015/6/21,109
2015/6/22,140
2015/6/23,116
2015/6/24,155
2015/6/25,145
2015/6/26,175
2015/6/27,124
2015/6/28,106
2015/6/29,131
2015/6/30,137
2015/7/1,169
2015/7/2,123
2015/7/3,84
2015/7/4,82
2015/7/5,56
2015/7/6,104
2015/7/7,154
2015/7/8,122
2015/7/9,102
2015/7/10,151
2015/7/11,100
2015/7/12,103
2015/7/13,120
2015/7/14,136
2015/7/15,141
2015/7/16,151
2015/7/17,144
2015/7/18,136
2015/7/19,107
2015/7/20,170
2015/7/21,127
2015/7/22,133
2015/7/23,122
2015/7/24,92
2015/7/25,87
2015/7/26,91
2015/7/27,142
2015/7/28,136
2015/7/29,140
2015/7/30,152
2015/7/31,170
2015/8/1,130
2015/8/2,106
2015/8/3,126
2015/8/4,138
2015/8/5,112
2015/8/6,133
2015/8/7,151
2015/8/8,89
2015/8/9,87
2015/8/10,100
2015/8/11,138
2015/8/12,158
2015/8/13,148
2015/8/14,165
2015/8/15,110
2015/8/16,95
2015/8/17,124
2015/8/18,122
2015/8/19,127
2015/8/20,121
2015/8/21,137
2015/8/22,107
2015/8/23,77
2015/8/24,114
2015/8/25,123
2015/8/26,122
2015/8/27,119
2015/8/28,117
2015/8/29,114
2015/8/30,93
2015/8/31,105
2015/9/1,124
2015/9/2,120
2015/9/3,130
2015/9/4,134
2015/9/5,79
2015/9/6,75
2015/9/7,78
2015/9/8,154
2015/9/9,156
2015/9/10,144
2015/9/11,143
2015/9/12,112
2015/9/13,91
2015/9/14,104
2015/9/15,136
2015/9/16,153
2015/9/17,143
2015/9/18,150
2015/9/19,144
2015/9/20,102
2015/9/21,114
2015/9/22,116
2015/9/23,94
2015/9/24,95
2015/9/25,96
2015/9/26,123
2015/9/27,111
2015/9/28,140
2015/9/29,144
2015/9/30,136
2015/10/1,145
2015/10/2,160
2015/10/3,110
2015/10/4,116
2015/10/5,116
2015/10/6,154
2015/10/7,136
2015/10/8,148
2015/10/9,146
2015/10/10,134
2015/10/11,116
2015/10/12,81
2015/10/13,135
2015/10/14,129
2015/10/15,135
2015/10/16,141
2015/10/17,111
2015/10/18,107
2015/10/19,139
2015/10/20,141
2015/10/21,140
2015/10/22,126
2015/10/23,173
2015/10/24,119
2015/10/25,101
2015/10/26,133
2015/10/27,122
2015/10/28,146
2015/10/29,143
2015/10/30,139
2015/10/31,84
2015/11/1,53
2015/11/2,116
2015/11/3,130
2015/11/4,126
2015/11/5,149
2015/11/6,136
2015/11/7,120
2015/11/8,94
2015/11/9,117
2015/11/10,149
2015/11/11,115
2015/11/12,121
2015/11/13,141
2015/11/14,148
2015/11/15,95
2015/11/16,118
2015/11/17,129
2015/11/18,144
2015/11/19,160
2015/11/20,163
2015/11/21,118
2015/11/22,86
2015/11/23,129
2015/11/24,139
2015/11/25,124
2015/11/26,52
2015/11/27,84
2015/11/28,82
2015/11/29,89
2015/11/30,119
2015/12/1,133
2015/12/2,118
2015/12/3,136
2015/12/4,159
2015/12/5,149
2015/12/6,90
2015/12/7,129
2015/12/8,130
2015/12/9,127
2015/12/10,135
2015/12/11,156
2015/12/12,118
2015/12/13,127
2015/12/14,110
2015/12/15,168
2015/12/16,132
2015/12/17,151
2015/12/18,134
2015/12/19,105
2015/12/20,89
2015/12/21,108
2015/12/22,109
2015/12/23,132
2015/12/24,87
2015/12/25,58
2015/12/26,78
2015/12/27,105
2015/12/28,86
2015/12/29,110
2015/12/30,116
2015/12/31,90
2016/1/1,67
2016/1/2,77
2016/1/3,73
2016/1/4,94
2016/1/5,86
2016/1/6,102
2016/1/7,100
2016/1/8,104
2016/1/9,108
2016/1/10,63
2016/1/11,120
2016/1/12,136
2016/1/13,125
2016/1/14,128
2016/1/15,151
2016/1/16,99
2016/1/17,79
2016/1/18,64
2016/1/19,120
2016/1/20,120
2016/1/21,139
2016/1/22,139
2016/1/23,55
2016/1/24,49
2016/1/25,109
2016/1/26,121
2016/1/27,119
2016/1/28,118
2016/1/29,116
2016/1/30,121
2016/1/31,74
2016/2/1,113
2016/2/2,138
2016/2/3,109
2016/2/4,114
2016/2/5,123
2016/2/6,116
2016/2/7,70
2016/2/8,97
2016/2/9,107
2016/2/10,112
2016/2/11,133
2016/2/12,141
2016/2/13,95
2016/2/14,78
2016/2/15,52
2016/2/16,111
2016/2/17,134
2016/2/18,116
2016/2/19,140
2016/2/20,115
2016/2/21,101
2016/2/22,107
2016/2/23,147
2016/2/24,148
2016/2/25,123
2016/2/26,109
2016/2/27,60
2016/2/28,94
2016/2/29,93
2016/3/1,125
2016/3/2,124
2016/3/3,124
2016/3/4,140
2016/3/5,118
2016/3/6,85
2016/3/7,104
2016/3/8,117
2016/3/9,110
2016/3/10,113
2016/3/11,126
2016/3/12,127
2016/3/13,89
2016/3/14,91
2016/3/15,96
2016/3/16,92
2016/3/17,88
2016/3/18,94
2016/3/19,88
2016/3/20,59
2016/3/21,80
2016/3/22,94
2016/3/23,96
2016/3/24,89
2016/3/25,72
2016/3/26,88
2016/3/27,53
2016/3/28,87
2016/3/29,95
2016/3/30,106
2016/3/31,108
2016/4/1,130
2016/4/2,103
2016/4/3,97
2016/4/4,105
2016/4/5,117
2016/4/6,101
2016/4/7,96
2016/4/8,99
2016/4/9,93
2016/4/10,72
2016/4/11,89
2016/4/12,83
2016/4/13,109
2016/4/14,103
2016/4/15,137
2016/4/16,111
2016/4/17,82
2016/4/18,101
2016/4/19,118
2016/4/20,105
2016/4/21,123
2016/4/22,147
2016/4/23,102
2016/4/24,63
2016/4/25,74
2016/4/26,89
2016/4/27,93
2016/4/28,102
2016/4/29,106
2016/4/30,116
2016/5/1,86
2016/5/2,138
2016/5/3,125
2016/5/4,112
2016/5/5,116
2016/5/6,117
2016/5/7,88
2016/5/8,83
2016/5/9,103
2016/5/10,102
2016/5/11,130
2016/5/12,145
2016/5/13,143
2016/5/14,112
2016/5/15,105
2016/5/16,133
2016/5/17,136
2016/5/18,140
2016/5/19,137
2016/5/20,141
2016/5/21,100
2016/5/22,81
2016/5/23,94
2016/5/24,102
2016/5/25,105
2016/5/26,123
2016/5/27,132
2016/5/28,77
2016/5/29,70
2016/5/30,55
2016/5/31,111
2016/6/1,103
2016/6/2,96
2016/6/3,116
2016/6/4,97
2016/6/5,62
2016/6/6,102
2016/6/7,103
2016/6/8,129
2016/6/9,115
2016/6/10,117
2016/6/11,87
2016/6/12,82
2016/6/13,106
2016/6/14,99
2016/6/15,124
2016/6/16,119
2016/6/17,102
2016/6/18,109
2016/6/19,65
2016/6/20,113
2016/6/21,103
2016/6/22,112
2016/6/23,95
2016/6/24,120
2016/6/25,104
2016/6/26,81
2016/6/27,115
2016/6/28,105
2016/6/29,125
2016/6/30,132
2016/7/1,121
2016/7/2,55
2016/7/3,68
2016/7/4,65
2016/7/5,87
2016/7/6,100
2016/7/7,96
2016/7/8,97
2016/7/9,77
2016/7/10,73
2016/7/11,85
2016/7/12,108
2016/7/13,107
2016/7/14,116
2016/7/15,145
2016/7/16,82
2016/7/17,66
2016/7/18,102
2016/7/19,112
2016/7/20,107
2016/7/21,141
2016/7/22,117
2016/7/23,91
2016/7/24,82
2016/7/25,106
2016/7/26,117
2016/7/27,124
2016/7/28,126
2016/7/29,110
2016/7/30,95
2016/7/31,74
2016/8/1,76
2016/8/2,88
2016/8/3,111
2016/8/4,120
2016/8/5,96
2016/8/6,69
2016/8/7,68
2016/8/8,80
2016/8/9,84
2016/8/10,97
2016/8/11,90
2016/8/12,119
2016/8/13,85
2016/8/14,78
2016/8/15,82
2016/8/16,103
2016/8/17,115
2016/8/18,88
2016/8/19,118
2016/8/20,97
2016/8/21,90
2016/8/22,88
2016/8/23,98
2016/8/24,80
2016/8/25,100
2016/8/26,109
2016/8/27,90
2016/8/28,75
2016/8/29,89
2016/8/30,72
2016/8/31,91
2016/9/1,89
2016/9/2,97
2016/9/3,82
2016/9/4,45
2016/9/5,53
2016/9/6,95
2016/9/7,95
2016/9/8,96
2016/9/9,120
2016/9/10,103
2016/9/11,74
2016/9/12,95
2016/9/13,107
2016/9/14,126
2016/9/15,105
2016/9/16,114
2016/9/17,93
2016/9/18,76
2016/9/19,90
2016/9/20,85
2016/9/21,91
2016/9/22,100
2016/9/23,104
2016/9/24,81
2016/9/25,75
2016/9/26,86
2016/9/27,83
2016/9/28,75
2016/9/29,87
2016/9/30,128
2016/10/1,91
2016/10/2,69
2016/10/3,62
2016/10/4,81
2016/10/5,97
2016/10/6,100
2016/10/7,113
2016/10/8,109
2016/10/9,65
2016/10/10,73
2016/10/11,105
2016/10/12,54
2016/10/13,95
2016/10/14,105
2016/10/15,107
2016/10/16,80
2016/10/17,82
2016/10/18,76
2016/10/19,104
2016/10/20,102
2016/10/21,103
2016/10/22,122
2016/10/23,70
2016/10/24,93
2016/10/25,87
2016/10/26,93
2016/10/27,136
2016/10/28,108
2016/10/29,84
2016/10/30,74
2016/10/31,107
2016/11/1,110
2016/11/2,89
2016/11/3,123
2016/11/4,125
2016/11/5,99
2016/11/6,62
2016/11/7,83
2016/11/8,91
2016/11/9,84
2016/11/10,114
2016/11/11,109
2016/11/12,94
2016/11/13,77
2016/11/14,100
2016/11/15,123
2016/11/16,102
2016/11/17,123
2016/11/18,112
2016/11/19,97
2016/11/20,79
2016/11/21,94
2016/11/22,109
2016/11/23,108
2016/11/24,52
2016/11/25,55
2016/11/26,72
2016/11/27,73
2016/11/28,67
2016/11/29,106
2016/11/30,115
2016/12/1,104
2016/12/2,105
2016/12/3,95
2016/12/4,74
2016/12/5,105
2016/12/6,97
2016/12/7,100
2016/12/8,111
2016/12/9,108
2016/12/10,89
2016/12/11,82
2016/12/12,84
2016/12/13,95
2016/12/14,112
2016/12/15,110
2016/12/16,121
2016/12/17,72
2016/12/18,63
2016/12/19,104
2016/12/20,87
2016/12/21,75
2016/12/22,94
2016/12/23,77
2016/12/24,51
2016/12/25,35
2016/12/26,31
2016/12/27,72
2016/12/28,75
2016/12/29,87
2016/12/30,70
2016/12/31,54
2017/1/1,63
2017/1/2,53
2017/1/3,92
2017/1/4,75
2017/1/5,69
2017/1/6,65
2017/1/7,92
2017/1/8,56
2017/1/9,83
2017/1/10,80
2017/1/11,75
2017/1/12,71
2017/1/13,70
2017/1/14,63
2017/1/15,74
2017/1/16,51
2017/1/17,89
2017/1/18,81
2017/1/19,93
2017/1/20,92
2017/1/21,55
2017/1/22,54
2017/1/23,123
2017/1/24,81
2017/1/25,86
2017/1/26,88
2017/1/27,90
2017/1/28,79
2017/1/29,65
2017/1/30,59
2017/1/31,73
2017/2/1,97
2017/2/2,78
2017/2/3,81
2017/2/4,72
2017/2/5,58
2017/2/6,77
2017/2/7,76
2017/2/8,92
2017/2/9,53
2017/2/10,96
2017/2/11,87
2017/2/12,55
2017/2/13,94
2017/2/14,99
2017/2/15,81
2017/2/16,80
2017/2/17,89
2017/2/18,66
2017/2/19,63
2017/2/20,53
2017/2/21,71
2017/2/22,67
2017/2/23,79
2017/2/24,107
2017/2/25,90
2017/2/26,73
2017/2/27,56
2017/2/28,79
2017/2/29,79
2017/3/1,90
2017/3/2,103
2017/3/3,96
2017/3/4,82
2017/3/5,74
2017/3/6,65
2017/3/7,92
2017/3/8,78
2017/3/9,90
2017/3/10,62
2017/3/11,88
2017/3/12,82
2017/3/13,90
2017/3/14,36
2017/3/15,100
2017/3/16,114
2017/3/17,125
2017/3/18,81
2017/3/19,76
2017/3/20,98
2017/3/21,87
2017/3/22,83
2017/3/23,71
2017/3/24,116
2017/3/25,83
2017/3/26,72
2017/3/27,87
2017/3/28,80
2017/3/29,80
2017/3/30,98
2017/3/31,113
2017/4/1,80
2017/4/2,75
2017/4/3,89
2017/4/4,81
2017/4/5,69
2017/4/6,123
2017/4/7,80
2017/4/8,91
2017/4/9,86
2017/4/10,86
2017/4/11,70
2017/4/12,103
2017/4/13,102
2017/4/14,68
2017/4/15,87
2017/4/16,54
2017/4/17,81
2017/4/18,85
2017/4/19,88
2017/4/20,101
2017/4/21,118
2017/4/22,104
2017/4/23,73
2017/4/24,74
2017/4/25,129
2017/4/26,86
2017/4/27,99
2017/4/28,124
2017/4/29,92
2017/4/30,66
2017/5/1,77
2017/5/2,110
2017/5/3,92
2017/5/4,90
2017/5/5,125
2017/5/6,90
2017/5/7,60
2017/5/8,76
2017/5/9,100
2017/5/10,97
2017/5/11,116
2017/5/12,100
2017/5/13,105
2017/5/14,73
2017/5/15,96
2017/5/16,96
2017/5/17,125
2017/5/18,146
2017/5/19,156
2017/5/20,105
2017/5/21,88
2017/5/22,107
2017/5/23,109
2017/5/24,96
2017/5/25,106
2017/5/26,79
2017/5/27,64
2017/5/28,55
2017/5/29,24
2017/5/30,96
2017/5/31,103
2017/6/1,98
2017/6/2,91
2017/6/3,74
2017/6/4,74
2017/6/5,86
2017/6/6,109
2017/6/7,105
2017/6/8,96
2017/6/9,116
2017/6/10,93
2017/6/11,97
2017/6/12,92
2017/6/13,133
2017/6/14,122
2017/6/15,100
2017/6/16,92
2017/6/17,104
2017/6/18,66
2017/6/19,93
2017/6/20,102
2017/6/21,97
2017/6/22,118
2017/6/23,138
2017/6/24,118
2017/6/25,64
2017/6/26,77
2017/6/27,100
2017/6/28,103
2017/6/29,142
2017/6/30,112
2017/7/1,68
2017/7/2,53
2017/7/3,58
2017/7/4,39
2017/7/5,80
2017/7/6,84
2017/7/7,88
2017/7/8,75
2017/7/9,66
2017/7/10,90
2017/7/11,84
2017/7/12,105
2017/7/13,121
2017/7/14,105
2017/7/15,84
2017/7/16,69
2017/7/17,78
2017/7/18,107
2017/7/19,119
2017/7/20,116
2017/7/21,115
2017/7/22,103
2017/7/23,83
2017/7/24,106
2017/7/25,75
2017/7/26,91
2017/7/27,87
2017/7/28,107
2017/7/29,73
2017/7/30,72
2017/7/31,81
2017/8/1,90
2017/8/2,96
2017/8/3,117
2017/8/4,109
2017/8/5,86
2017/8/6,65
2017/8/7,95
2017/8/8,78
2017/8/9,99
2017/8/10,82
2017/8/11,89
2017/8/12,68
2017/8/13,80
2017/8/14,76
2017/8/15,80
2017/8/16,78
2017/8/17,79
2017/8/18,74
2017/8/19,76
2017/8/20,59
2017/8/21,79
2017/8/22,72
2017/8/23,93
2017/8/24,95
2017/8/25,91
2017/8/26,67
2017/8/27,56
2017/8/28,72
2017/8/29,76
2017/8/30,95
2017/8/31,90
2017/9/1,94
2017/9/2,65
2017/9/3,48
2017/9/4,54
2017/9/5,83
2017/9/6,70
2017/9/7,90
2017/9/8,114
2017/9/9,76
2017/9/10,82
2017/9/11,88
2017/9/12,95
2017/9/13,104
2017/9/14,119
2017/9/15,122
2017/9/16,83
2017/9/17,76
2017/9/18,104
2017/9/19,95
2017/9/20,88
2017/9/21,86
2017/9/22,93
2017/9/23,91
2017/9/24,86
2017/9/25,86
2017/9/26,104
2017/9/27,100
2017/9/28,100
2017/9/29,100
2017/9/30,65
2017/10/1,79
2017/10/2,77
2017/10/3,87
2017/10/4,86
2017/10/5,80
2017/10/6,86
2017/10/7,81
2017/10/8,72
2017/10/9,57
2017/10/10,85
2017/10/11,88
2017/10/12,72
2017/10/13,86
2017/10/14,70
2017/10/15,60
2017/10/16,86
2017/10/17,84
2017/10/18,90
2017/10/19,106
2017/10/20,118
2017/10/21,79
2017/10/22,67
2017/10/23,98
2017/10/24,93
2017/10/25,91
2017/10/26,81
2017/10/27,108
2017/10/28,61
2017/10/29,85
2017/10/30,109
2017/10/31,82
2017/11/1,91
2017/11/2,89
2017/11/3,101
2017/11/4,77
2017/11/5,55
2017/11/6,82
2017/11/7,83
2017/11/8,103
2017/11/9,96
2017/11/10,122
2017/11/11,102
2017/11/12,79
2017/11/13,88
2017/11/14,110
2017/11/15,88
2017/11/16,116
2017/11/17,99
2017/11/18,117
2017/11/19,74
2017/11/20,97
2017/11/21,111
2017/11/22,105
2017/11/23,43
2017/11/24,74
2017/11/25,63
2017/11/26,78
2017/11/27,83
2017/11/28,74
2017/11/29,115
2017/11/30,95
2017/12/1,101
2017/12/2,68
2017/12/3,70
2017/12/4,92
2017/12/5,130
2017/12/6,109
2017/12/7,112
2017/12/8,127
2017/12/9,96
2017/12/10,80
2017/12/11,77
2017/12/12,96
2017/12/13,114
2017/12/14,126
2017/12/15,143
2017/12/16,83
2017/12/17,68
2017/12/18,93
2017/12/19,97
2017/12/20,88
2017/12/21,99
2017/12/22,92
2017/12/23,61
2017/12/24,38
2017/12/25,31
2017/12/26,67
2017/12/27,75
2017/12/28,85
2017/12/29,73
2017/12/30,72
2017/12/31,53
2018/1/1,52
2018/1/2,75
2018/1/3,64
2018/1/4,42
2018/1/5,75
2018/1/6,66
2018/1/7,60
2018/1/8,67
2018/1/9,106
2018/1/10,69
2018/1/11,85
2018/1/12,130
2018/1/13,81
2018/1/14,72
2018/1/15,65
2018/1/16,92
2018/1/17,72
2018/1/18,77
2018/1/19,104
2018/1/20,82
2018/1/21,56
2018/1/22,78
2018/1/23,74
2018/1/24,88
2018/1/25,91
2018/1/26,104
2018/1/27,66
2018/1/28,71
2018/1/29,86
2018/1/30,70
2018/1/31,88
2018/2/1,91
2018/2/2,79
2018/2/3,72
2018/2/4,85
2018/2/5,98
2018/2/6,70
2018/2/7,95
2018/2/8,85
2018/2/9,75
2018/2/10,82
2018/2/11,85
2018/2/12,68
2018/2/13,91
2018/2/14,96
2018/2/15,93
2018/2/16,85
2018/2/17,106
2018/2/18,66
2018/2/19,50
2018/2/20,68
2018/2/21,93
2018/2/22,90
2018/2/23,83
2018/2/24,88
2018/2/25,61
2018/2/26,82
2018/2/27,83
2018/2/28,90
2018/2/29,90
2018/3/1,86
2018/3/2,107
2018/3/3,81
2018/3/4,60
2018/3/5,80
2018/3/6,81
2018/3/7,53
2018/3/8,76
2018/3/9,113
2018/3/10,86
2018/3/11,69
2018/3/12,87
2018/3/13,75
2018/3/14,108
2018/3/15,111
2018/3/16,115
2018/3/17,82
2018/3/18,65
2018/3/19,113
2018/3/20,71
2018/3/21,53
2018/3/22,92
2018/3/23,110
2018/3/24,84
2018/3/25,60
2018/3/26,82
2018/3/27,101
2018/3/28,94
2018/3/29,95
2018/3/30,99
2018/3/31,67
2018/4/1,41
2018/4/2,68
2018/4/3,87
2018/4/4,99
2018/4/5,76
2018/4/6,87
2018/4/7,71
2018/4/8,62
2018/4/9,79
2018/4/10,104
2018/4/11,95
2018/4/12,106
2018/4/13,109
2018/4/14,90
2018/4/15,68
2018/4/16,86
2018/4/17,94
2018/4/18,115
2018/4/19,115
2018/4/20,83
2018/4/21,99
2018/4/22,74
2018/4/23,76
2018/4/24,71
2018/4/25,98
2018/4/26,97
2018/4/27,107
2018/4/28,90
2018/4/29,57
2018/4/30,85
2018/5/1,90
2018/5/2,107
2018/5/3,101
2018/5/4,92
2018/5/5,88
2018/5/6,73
2018/5/7,86
2018/5/8,94
2018/5/9,96
2018/5/10,104
2018/5/11,119
2018/5/12,68
2018/5/13,57
2018/5/14,94
2018/5/15,112
2018/5/16,104
2018/5/17,109
2018/5/18,108
2018/5/19,97
2018/5/20,72
2018/5/21,74
2018/5/22,97
2018/5/23,73
2018/5/24,111
2018/5/25,118
2018/5/26,79
2018/5/27,54
2018/5/28,35
2018/5/29,113
2018/5/30,96
2018/5/31,99
2018/6/1,119
2018/6/2,91
2018/6/3,70
2018/6/4,81
2018/6/5,101
2018/6/6,103
2018/6/7,94
2018/6/8,96
2018/6/9,92
2018/6/10,75
2018/6/11,93
2018/6/12,99
2018/6/13,107
2018/6/14,124
2018/6/15,117
2018/6/16,76
2018/6/17,62
2018/6/18,110
2018/6/19,99
2018/6/20,102
2018/6/21,104
2018/6/22,113
2018/6/23,77
2018/6/24,72
2018/6/25,83
2018/6/26,121
2018/6/27,77
2018/6/28,101
2018/6/29,135
2018/6/30,80
2018/7/1,62
2018/7/2,100
2018/7/3,91
2018/7/4,43
2018/7/5,75
2018/7/6,81
2018/7/7,72
2018/7/8,70
2018/7/9,80
2018/7/10,88
2018/7/11,100
2018/7/12,83
2018/7/13,81
2018/7/14,71
2018/7/15,74
2018/7/16,88
2018/7/17,98
2018/7/18,93
2018/7/19,120
2018/7/20,113
2018/7/21,74
2018/7/22,65
2018/7/23,87
2018/7/24,82
2018/7/25,86
2018/7/26,97
2018/7/27,116
2018/7/28,77
2018/7/29,59
2018/7/30,74
2018/7/31,96
2018/8/1,84
2018/8/2,96
2018/8/3,110
2018/8/4,81
2018/8/5,53
2018/8/6,70
2018/8/7,79
2018/8/8,94
2018/8/9,108
2018/8/10,99
2018/8/11,76
2018/8/12,74
2018/8/13,82
2018/8/14,93
2018/8/15,72
2018/8/16,95
2018/8/17,101
2018/8/18,70
2018/8/19,43
2018/8/20,83
2018/8/21,75
2018/8/22,69
2018/8/23,80
2018/8/24,106
2018/8/25,60
2018/8/26,56
2018/8/27,88
2018/8/28,92
2018/8/29,84
2018/8/30,88
2018/8/31,82
2018/9/1,48
2018/9/2,43
2018/9/3,49
2018/9/4,87
2018/9/5,99
2018/9/6,109
2018/9/7,107
2018/9/8,94
2018/9/9,78
2018/9/10,93
2018/9/11,90
2018/9/12,107
2018/9/13,113
2018/9/14,96
2018/9/15,86
2018/9/16,84
2018/9/17,96
2018/9/18,104
2018/9/19,69
2018/9/20,101
2018/9/21,89
2018/9/22,88
2018/9/23,70
2018/9/24,93
2018/9/25,120
2018/9/26,114
2018/9/27,110
2018/9/28,102
2018/9/29,73
2018/9/30,64
2018/10/1,71
2018/10/2,109
2018/10/3,89
2018/10/4,104
2018/10/5,117
2018/10/6,84
2018/10/7,70
2018/10/8,64
2018/10/9,86
2018/10/10,108
2018/10/11,117
2018/10/12,98
2018/10/13,76
2018/10/14,66
2018/10/15,78
2018/10/16,102
2018/10/17,81
2018/10/18,106
2018/10/19,119
2018/10/20,100
2018/10/21,70
2018/10/22,93
2018/10/23,88
2018/10/24,109
2018/10/25,112
2018/10/26,78
2018/10/27,109
2018/10/28,85
2018/10/29,67
2018/10/30,79
2018/10/31,82
2018/11/1,104
2018/11/2,90
2018/11/3,94
2018/11/4,65
2018/11/5,84
2018/11/6,99
2018/11/7,76
2018/11/8,98
2018/11/9,120
2018/11/10,77
2018/11/11,85
2018/11/12,56
2018/11/13,111
2018/11/14,124
2018/11/15,128
2018/11/16,103
2018/11/17,76
2018/11/18,68
2018/11/19,82
2018/11/20,95
2018/11/21,99
2018/11/22,44
2018/11/23,59
2018/11/24,60
2018/11/25,60
2018/11/26,83
2018/11/27,88
2018/11/28,72
2018/11/29,103
2018/11/30,95
2018/12/1,88
2018/12/2,82
2018/12/3,106
2018/12/4,82
2018/12/5,82
2018/12/6,85
2018/12/7,99
2018/12/8,95
2018/12/9,58
2018/12/10,89
2018/12/11,82
2018/12/12,98
2018/12/13,101
2018/12/14,122
2018/12/15,98
2018/12/16,84
2018/12/17,90
2018/12/18,94
2018/12/19,99
2018/12/20,90
2018/12/21,103
2018/12/22,65
2018/12/23,52
2018/12/24,48
2018/12/25,28
2018/12/26,54
2018/12/27,67
2018/12/28,96
2018/12/29,64
2018/12/30,46
2018/12/31,78
2019/1/1,44
2019/1/2,56
2019/1/3,64
2019/1/4,62
2019/1/5,52
2019/1/6,44
2019/1/7,64
2019/1/8,70
2019/1/9,66
2019/1/10,71
2019/1/11,73
2019/1/12,72
2019/1/13,51
2019/1/14,78
2019/1/15,80
2019/1/16,75
2019/1/17,71
2019/1/18,71
2019/1/19,67
2019/1/20,45
2019/1/21,62
2019/1/22,70
2019/1/23,83
2019/1/24,94
2019/1/25,73
2019/1/26,77
2019/1/27,71
2019/1/28,53
2019/1/29,103
2019/1/30,85
2019/1/31,80
2019/2/1,74
2019/2/2,54
2019/2/3,52
2019/2/4,80
2019/2/5,81
2019/2/6,82
2019/2/7,77
2019/2/8,77
2019/2/9,72
2019/2/10,67
2019/2/11,65
2019/2/12,78
2019/2/13,72
2019/2/14,97
2019/2/15,79
2019/2/16,84
2019/2/17,60
2019/2/18,43
2019/2/19,79
2019/2/20,75
2019/2/21,90
2019/2/22,69
2019/2/23,57
2019/2/24,49
2019/2/25,84
2019/2/26,76
2019/2/27,60
2019/2/28,92
2019/2/29,92
2019/3/1,86
2019/3/2,58
2019/3/3,65
2019/3/4,49
2019/3/5,81
2019/3/6,66
2019/3/7,70
2019/3/8,85
2019/3/9,64
2019/3/10,63
2019/3/11,79
2019/3/12,85
2019/3/13,73
2019/3/14,100
2019/3/15,82
2019/3/16,75
2019/3/17,55
2019/3/18,67
2019/3/19,75
2019/3/20,74
2019/3/21,88
2019/3/22,93
2019/3/23,54
2019/3/24,53
2019/3/25,58
2019/3/26,80
2019/3/27,68
2019/3/28,68
2019/3/29,91
2019/3/30,58
2019/3/31,42
2019/4/1,54
2019/4/2,55
2019/4/3,74
2019/4/4,89
2019/4/5,103
2019/4/6,78
2019/4/7,55
2019/4/8,72
2019/4/9,65
2019/4/10,64
2019/4/11,70
2019/4/12,92
2019/4/13,91
2019/4/14,61
2019/4/15,74
2019/4/16,90
2019/4/17,81
2019/4/18,78
2019/4/19,61
2019/4/20,57
2019/4/21,54
2019/4/22,62
2019/4/23,71
2019/4/24,68
2019/4/25,100
2019/4/26,77
2019/4/27,75
2019/4/28,65
2019/4/29,63
2019/4/30,63
2019/5/1,103
2019/5/2,84
2019/5/3,87
2019/5/4,67
2019/5/5,66
2019/5/6,90
2019/5/7,86
2019/5/8,85
2019/5/9,75
2019/5/10,90
2019/5/11,75
2019/5/12,65
2019/5/13,81
2019/5/14,87
2019/5/15,86
2019/5/16,96
2019/5/17,88
2019/5/18,65
2019/5/19,64
2019/5/20,86
2019/5/21,107
2019/5/22,101
2019/5/23,85
2019/5/24,88
2019/5/25,64
2019/5/26,55
2019/5/27,40
2019/5/28,93
2019/5/29,78
2019/5/30,81
2019/5/31,107
2019/6/1,75
2019/6/2,44
2019/6/3,71
2019/6/4,76
2019/6/5,68
2019/6/6,93
2019/6/7,101
2019/6/8,68
2019/6/9,65
2019/6/10,73
2019/6/11,76
2019/6/12,88
2019/6/13,82
2019/6/14,107
2019/6/15,54
2019/6/16,60
2019/6/17,54
2019/6/18,92
2019/6/19,80
2019/6/20,99
2019/6/21,100
2019/6/22,73
2019/6/23,54
2019/6/24,75
2019/6/25,97
2019/6/26,104
2019/6/27,103
2019/6/28,103
2019/6/29,65
2019/6/30,76
2019/7/1,74
2019/7/2,65
2019/7/3,94
2019/7/4,31
2019/7/5,52
2019/7/6,46
2019/7/7,50
2019/7/8,72
2019/7/9,75
2019/7/10,78
2019/7/11,86
2019/7/12,108
2019/7/13,60
2019/7/14,43
2019/7/15,86
2019/7/16,100
2019/7/17,88
2019/7/18,99
2019/7/19,96
2019/7/20,70
2019/7/21,55
2019/7/22,87
2019/7/23,79
2019/7/24,81
2019/7/25,79
2019/7/26,93
2019/7/27,74
2019/7/28,57
2019/7/29,74
2019/7/30,79
2019/7/31,98
2019/8/1,78
2019/8/2,80
2019/8/3,70
2019/8/4,58
2019/8/5,77
2019/8/6,66
2019/8/7,61
2019/8/8,98
2019/8/9,70
2019/8/10,62
2019/8/11,62
2019/8/12,61
2019/8/13,69
2019/8/14,61
2019/8/15,85
2019/8/16,70
2019/8/17,82
2019/8/18,65
2019/8/19,75
2019/8/20,82
2019/8/21,78
2019/8/22,64
2019/8/23,69
2019/8/24,62
2019/8/25,58
2019/8/26,68
2019/8/27,66
2019/8/28,76
2019/8/29,71
2019/8/30,62
2019/8/31,53
2019/9/1,41
2019/9/2,43
2019/9/3,79
2019/9/4,57
2019/9/5,88
2019/9/6,90
2019/9/7,76
2019/9/8,56
2019/9/9,74
2019/9/10,88
2019/9/11,96
2019/9/12,106
2019/9/13,95
2019/9/14,75
2019/9/15,79
2019/9/16,81
2019/9/17,87
2019/9/18,92
2019/9/19,82
2019/9/20,104
2019/9/21,65
2019/9/22,66
2019/9/23,92
2019/9/24,82
2019/9/25,78
2019/9/26,76
2019/9/27,68
2019/9/28,71
2019/9/29,62
2019/9/30,66
2019/10/1,60
2019/10/2,93
2019/10/3,100
2019/10/4,91
2019/10/5,82
2019/10/6,71
2019/10/7,76
2019/10/8,62
2019/10/9,46
2019/10/10,68
2019/10/11,73
2019/10/12,59
2019/10/13,62
2019/10/14,58
2019/10/15,76
2019/10/16,91
2019/10/17,74
2019/10/18,65
2019/10/19,66
2019/10/20,65
2019/10/21,43
2019/10/22,68
2019/10/23,90
2019/10/24,71
2019/10/25,84
2019/10/26,71
2019/10/27,65
2019/10/28,72
2019/10/29,83
2019/10/30,80
2019/10/31,72
2019/11/1,100
2019/11/2,66
2019/11/3,59
2019/11/4,80
2019/11/5,48
2019/11/6,82
2019/11/7,88
2019/11/8,94
2019/11/9,80
2019/11/10,61
2019/11/11,63
2019/11/12,70
2019/11/13,73
2019/11/14,71
2019/11/15,81
2019/11/16,65
2019/11/17,59
2019/11/18,72
2019/11/19,79
2019/11/20,59
2019/11/21,90
2019/11/22,83
2019/11/23,62
2019/11/24,61
2019/11/25,68
2019/11/26,86
2019/11/27,64
2019/11/28,37
2019/11/29,44
2019/11/30,49
2019/12/1,56
2019/12/2,72
2019/12/3,74
2019/12/4,62
2019/12/5,75
2019/12/6,76
2019/12/7,79
2019/12/8,46
2019/12/9,95
2019/12/10,89
2019/12/11,79
2019/12/12,92
2019/12/13,107
2019/12/14,58
2019/12/15,77
2019/12/16,74
2019/12/17,99
2019/12/18,72
2019/12/19,72
2019/12/20,77
2019/12/21,53
2019/12/22,52
2019/12/23,65
2019/12/24,47
2019/12/25,19
2019/12/26,48
2019/12/27,56
2019/12/28,44
2019/12/29,43
2019/12/30,43
2019/12/31,38
2020/1/1,27
2020/1/2,41
2020/1/3,46
2020/1/4,36
2020/1/5,42
2020/1/6,36
2020/1/7,48
2020/1/8,35
2020/1/9,52
2020/1/10,50
2020/1/11,55
2020/1/12,28
2020/1/13,46
2020/1/14,48
2020/1/15,60
2020/1/16,58
2020/1/17,71
2020/1/18,58
2020/1/19,42
2020/1/20,44
2020/1/21,93
2020/1/22,61
2020/1/23,71
2020/1/24,53
2020/1/25,39
2020/1/26,43
2020/1/27,45
2020/1/28,50
2020/1/29,46
2020/1/30,71
2020/1/31,82
2020/2/1,54
2020/2/2,41
2020/2/3,70
2020/2/4,50
2020/2/5,57
2020/2/6,67
2020/2/7,72
2020/2/8,64
2020/2/9,37
2020/2/10,69
2020/2/11,53
2020/2/12,57
2020/2/13,50
2020/2/14,80
2020/2/15,53
2020/2/16,36
2020/2/17,28
2020/2/18,51
2020/2/19,62
2020/2/20,57
2020/2/21,74
2020/2/22,45
2020/2/23,50
2020/2/24,49
2020/2/25,55
2020/2/26,60
2020/2/27,78
2020/2/28,64
2020/2/29,43
2020/3/1,54
2020/3/2,68
2020/3/3,76
2020/3/4,68
2020/3/5,67
2020/3/6,97
2020/3/7,50
2020/3/8,48
2020/3/9,68
2020/3/10,65
2020/3/11,52
2020/3/12,51
2020/3/13,60
2020/3/14,35
2020/3/15,25
2020/3/16,40
2020/3/17,28
2020/3/18,25
2020/3/19,18
2020/3/20,29
2020/3/21,21
2020/3/22,13
2020/3/23,23
2020/3/24,21
2020/3/25,22
2020/3/26,12
2020/3/27,17
2020/3/28,12
2020/3/29,5
2020/3/30,7
2020/3/31,12
2020/4/1,14
2020/4/2,12
2020/4/3,12
2020/4/4,8
2020/4/5,3
2020/4/6,10
2020/4/7,8
2020/4/8,7
2020/4/9,9
2020/4/10,5
2020/4/11,7
2020/4/12,4
2020/4/13,5
2020/4/14,6
2020/4/15,8
2020/4/16,17
2020/4/17,12
2020/4/18,8
2020/4/19,6
2020/4/20,11
2020/4/21,7
2020/4/22,15
2020/4/23,5
2020/4/24,11
2020/4/25,4
2020/4/26,5
2020/4/27,13
2020/4/28,17
2020/4/29,9
2020/4/30,13
2020/5/1,13
2020/5/2,15
2020/5/3,10
2020/5/4,10
2020/5/5,14
2020/5/6,10
2020/5/7,10
2020/5/8,17
2020/5/9,11
2020/5/10,13
2020/5/11,16
2020/5/12,17
2020/5/13,21
2020/5/14,17
2020/5/15,18
2020/5/16,19
2020/5/17,12
2020/5/18,13
2020/5/19,22
2020/5/20,24
2020/5/21,16
2020/5/22,23
2020/5/23,10
2020/5/24,10
2020/5/25,14
2020/5/26,14
2020/5/27,12
2020/5/28,17
2020/5/29,28
2020/5/30,14
2020/5/31,17
2020/6/1,21
2020/6/2,13
2020/6/3,16
2020/6/4,16
2020/6/5,19
2020/6/6,21
2020/6/7,13
2020/6/8,24
2020/6/9,16
2020/6/10,19
2020/6/11,29
2020/6/12,30
2020/6/13,26
2020/6/14,24
2020/6/15,14
2020/6/16,29
2020/6/17,27
2020/6/18,18
2020/6/19,22
2020/6/20,23
2020/6/21,14
2020/6/22,25
2020/6/23,31
2020/6/24,28
2020/6/25,28
2020/6/26,30
2020/6/27,20
2020/6/28,21
2020/6/29,26
2020/6/30,29
2020/7/1,31
2020/7/2,43
2020/7/3,25
2020/7/4,17
2020/7/5,25
2020/7/6,28
2020/7/7,22
2020/7/8,24
2020/7/9,33
2020/7/10,19
2020/7/11,22
2020/7/12,11
2020/7/13,25
2020/7/14,35
2020/7/15,26
2020/7/16,29
2020/7/17,33
2020/7/18,28
2020/7/19,18
2020/7/20,21
2020/7/21,32
2020/7/22,21
2020/7/23,38
2020/7/24,25
2020/7/25,19
2020/7/26,23
2020/7/27,20
2020/7/28,26
2020/7/29,29
2020/7/30,30
2020/7/31,38
2020/8/1,21
2020/8/2,24
2020/8/3,27
2020/8/4,47
2020/8/5,33
2020/8/6,23
2020/8/7,30
2020/8/8,14
2020/8/9,21
2020/8/10,28
2020/8/11,32
2020/8/12,29
2020/8/13,31
2020/8/14,28
2020/8/15,21
2020/8/16,15
2020/8/17,32
2020/8/18,29
2020/8/19,31
2020/8/20,34
2020/8/21,42
2020/8/22,26
2020/8/23,21
2020/8/24,25
2020/8/25,23
2020/8/26,30
2020/8/27,40
2020/8/28,28
2020/8/29,26
2020/8/30,22
2020/8/31,27
2020/9/1,36
2020/9/2,24
2020/9/3,40
2020/9/4,38
2020/9/5,26
2020/9/6,25
2020/9/7,21
2020/9/8,27
2020/9/9,33
2020/9/10,40
2020/9/11,34
2020/9/12,26
2020/9/13,15
2020/9/14,33
2020/9/15,33
2020/9/16,24
2020/9/17,32
2020/9/18,38
2020/9/19,18
2020/9/20,21
2020/9/21,24
2020/9/22,25
2020/9/23,34
2020/9/24,35
2020/9/25,32
2020/9/26,25
2020/9/27,29
2020/9/28,31
2020/9/29,32
2020/9/30,32
2020/10/1,39
2020/10/2,48
2020/10/3,30
2020/10/4,18
2020/10/5,30
2020/10/6,34
2020/10/7,38
2020/10/8,26
2020/10/9,26
2020/10/10,34
2020/10/11,27
2020/10/12,25
2020/10/13,28
2020/10/14,34
2020/10/15,27
2020/10/16,28
2020/10/17,27
2020/10/18,20
2020/10/19,24
2020/10/20,35
2020/10/21,34
2020/10/22,25
2020/10/23,33
2020/10/24,29
2020/10/25,25
2020/10/26,24
2020/10/27,28
2020/10/28,29
2020/10/29,31
2020/10/30,48
2020/10/31,25
2020/11/1,33
2020/11/2,32
2020/11/3,30
2020/11/4,29
2020/11/5,42
2020/11/6,31
2020/11/7,24
2020/11/8,35
2020/11/9,27
2020/11/10,28
2020/11/11,28
2020/11/12,31
2020/11/13,37
2020/11/14,24
2020/11/15,29
2020/11/16,27
2020/11/17,17
2020/11/18,28
2020/11/19,23
2020/11/20,30
2020/11/21,33
2020/11/22,15
2020/11/23,29
2020/11/24,27
2020/11/25,37
2020/11/26,14
2020/11/27,26
2020/11/28,23
2020/11/29,22
2020/11/30,29
2020/12/1,29
2020/12/2,29
2020/12/3,16
2020/12/4,33
2020/12/5,13
2020/12/6,20
2020/12/7,35
2020/12/8,30
2020/12/9,30
2020/12/10,27
2020/12/11,29
2020/12/12,22
2020/12/13,30
2020/12/14,25
2020/12/15,26
2020/12/16,24
2020/12/17,21
2020/12/18,19
2020/12/19,22
2020/12/20,11
2020/12/21,22
2020/12/22,37
2020/12/23,36
2020/12/24,19
2020/12/25,12
2020/12/26,15
2020/12/27,9
2020/12/28,14
2020/12/29,17
2020/12/30,22
2020/12/31,21
2021/1/1,23
2021/1/2,15
2021/1/3,11
2021/1/4,16
2021/1/5,12
2021/1/6,20
2021/1/7,23
2021/1/8,22
2021/1/9,17
2021/1/10,17
2021/1/11,23
2021/1/12,14
2021/1/13,16
2021/1/14,21
2021/1/15,26
2021/1/16,27
2021/1/17,18
2021/1/18,15
2021/1/19,32
2021/1/20,21
2021/1/21,33
2021/1/22,28
2021/1/23,27
2021/1/24,14
2021/1/25,20
2021/1/26,21
2021/1/27,17
2021/1/28,22
2021/1/29,24
2021/1/30,18
2021/1/31,21
2021/2/1,24
2021/2/2,13
2021/2/3,18
2021/2/4,27
2021/2/5,34
2021/2/6,25
2021/2/7,9
2021/2/8,35
2021/2/9,18
2021/2/10,25
2021/2/11,18
2021/2/12,23
2021/2/13,13
2021/2/14,15
2021/2/15,22
2021/2/16,16
2021/2/17,27
2021/2/18,18
2021/2/19,19
2021/2/20,22
2021/2/21,20
2021/2/22,17
2021/2/23,24
2021/2/24,26
2021/2/25,36
2021/2/26,33
2021/2/27,19
2021/2/28,29
2021/2/29,29
2021/3/1,19
2021/3/2,27
2021/3/3,27
2021/3/4,32
2021/3/5,34
2021/3/6,31
2021/3/7,21
2021/3/8,24
2021/3/9,28
2021/3/10,17
2021/3/11,26
2021/3/12,32
2021/3/13,16
2021/3/14,23
2021/3/15,25
2021/3/16,20
2021/3/17,22
2021/3/18,27
2021/3/19,38
2021/3/20,28
2021/3/21,19
2021/3/22,21
2021/3/23,23
2021/3/24,33
2021/3/25,18
2021/3/26,21
2021/3/27,31
2021/3/28,10
2021/3/29,32
2021/3/30,28
2021/3/31,19
2021/4/1,28
2021/4/2,23
2021/4/3,30
2021/4/4,25
2021/4/5,24
2021/4/6,25
2021/4/7,25
2021/4/8,30
2021/4/9,35
2021/4/10,30
2021/4/11,17
2021/4/12,15
2021/4/13,35
2021/4/14,29
2021/4/15,23
2021/4/16,26
2021/4/17,26
2021/4/18,22
2021/4/19,34
2021/4/20,30
2021/4/21,27
2021/4/22,31
2021/4/23,38
2021/4/24,39
2021/4/25,28
2021/4/26,18
2021/4/27,25
2021/4/28,34
2021/4/29,36
2021/4/30,31
2021/5/1,35
2021/5/2,34
2021/5/3,23
2021/5/4,28
2021/5/5,42
2021/5/6,33
2021/5/7,43
2021/5/8,29
2021/5/9,24
2021/5/10,31
2021/5/11,31
2021/5/12,30
2021/5/13,35
2021/5/14,48
2021/5/15,32
2021/5/16,29
2021/5/17,26
2021/5/18,33
2021/5/19,44
2021/5/20,50
2021/5/21,51
2021/5/22,36
2021/5/23,23
2021/5/24,26
2021/5/25,43
2021/5/26,42
2021/5/27,36
2021/5/28,21
2021/5/29,21
2021/5/30,24
2021/5/31,13
2021/6/1,45
2021/6/2,44
2021/6/3,36
2021/6/4,30
2021/6/5,41
2021/6/6,27
2021/6/7,30
2021/6/8,46
2021/6/9,35
2021/6/10,36
2021/6/11,34
2021/6/12,31
2021/6/13,28
2021/6/14,32
2021/6/15,30
2021/6/16,54
2021/6/17,45
2021/6/18,44
2021/6/19,38
2021/6/20,29
2021/6/21,47
2021/6/22,25
2021/6/23,32
2021/6/24,42
2021/6/25,39
2021/6/26,44
2021/6/27,31
2021/6/28,37
2021/6/29,41
2021/6/30,34
2021/7/1,39
2021/7/2,34
2021/7/3,25
2021/7/4,16
2021/7/5,24
2021/7/6,38
2021/7/7,36
2021/7/8,41
2021/7/9,33
2021/7/10,38
2021/7/11,23
2021/7/12,37
2021/7/13,34
2021/7/14,37
2021/7/15,23
2021/7/16,45
2021/7/17,47
2021/7/18,34
2021/7/19,41
2021/7/20,28
2021/7/21,41
2021/7/22,36
2021/7/23,32
2021/7/24,31
2021/7/25,34
2021/7/26,25
2021/7/27,48
2021/7/28,32
2021/7/29,46
2021/7/30,35
2021/7/31,43
2021/8/1,26
2021/8/2,33
2021/8/3,32
2021/8/4,30
2021/8/5,35
2021/8/6,27
2021/8/7,30
2021/8/8,37
2021/8/9,27
2021/8/10,47
2021/8/11,32
2021/8/12,41
2021/8/13,42
2021/8/14,27
2021/8/15,31
2021/8/16,36
2021/8/17,34
2021/8/18,41
2021/8/19,21
2021/8/20,35
2021/8/21,30
2021/8/22,20
2021/8/23,24
2021/8/24,35
2021/8/25,31
2021/8/26,41
2021/8/27,44
2021/8/28,34
2021/8/29,36
2021/8/30,30
2021/8/31,40
2021/9/1,35
2021/9/2,38
2021/9/3,37
2021/9/4,45
2021/9/5,26
2021/9/6,32
2021/9/7,37
2021/9/8,40
2021/9/9,40
2021/9/10,41
2021/9/11,42
2021/9/12,35
2021/9/13,45
2021/9/14,49
2021/9/15,40
2021/9/16,33
2021/9/17,45
2021/9/18,32
2021/9/19,27
2021/9/20,47
2021/9/21,41
2021/9/22,49
2021/9/23,44
2021/9/24,45
2021/9/25,41
2021/9/26,40
2021/9/27,37
2021/9/28,28
2021/9/29,38
2021/9/30,42
2021/10/1,46
2021/10/2,38
2021/10/3,41
2021/10/4,25
2021/10/5,43
2021/10/6,34
2021/10/7,42
2021/10/8,37
2021/10/9,31
2021/10/10,38
2021/10/11,31
2021/10/12,31
2021/10/13,44
2021/10/14,47
2021/10/15,39
2021/10/16,41
2021/10/17,32
2021/10/18,34
2021/10/19,30
2021/10/20,39
2021/10/21,46
2021/10/22,46
2021/10/23,41
2021/10/24,32
2021/10/25,33
2021/10/26,30
2021/10/27,45
2021/10/28,30
2021/10/29,40
2021/10/30,45
2021/10/31,42
2021/11/1,29
2021/11/2,43
2021/11/3,38
2021/11/4,39
2021/11/5,38
2021/11/6,35
2021/11/7,33
2021/11/8,43
2021/11/9,31
2021/11/10,35
2021/11/11,41
2021/11/12,41
2021/11/13,40
2021/11/14,33
2021/11/15,45
2021/11/16,27
2021/11/17,41
2021/11/18,50
2021/11/19,37
2021/11/20,45
2021/11/21,19
2021/11/22,25
2021/11/23,39
2021/11/24,32
2021/11/25,22
2021/11/26,23
2021/11/27,28
2021/11/28,25
2021/11/29,40
2021/11/30,26
2021/12/1,31
2021/12/2,32
2021/12/3,41
2021/12/4,33
2021/12/5,35
2021/12/6,33
2021/12/7,38
2021/12/8,38
2021/12/9,38
2021/12/10,37
2021/12/11,32
2021/12/12,30
2021/12/13,27
2021/12/14,42
2021/12/15,38
2021/12/16,46
2021/12/17,38
2021/12/18,41
2021/12/19,33
2021/12/20,30
2021/12/21,19
2021/12/22,24
2021/12/23,24
2021/12/24,27
2021/12/25,17
2021/12/26,17
2021/12/27,16
2021/12/28,25
2021/12/29,23
2021/12/30,21
2021/12/31,13
